<pad>	100000
<unk>	100000
<bos>	100000
<eos>	100000
.	1848
the	1745
of	1073
,	813
to	809
and	788
a	546
in	506
is	482
The	308
that	278
for	268
on	247
you	197
I	192
be	185
are	183
with	182
it	162
's	153
was	151
by	140
can	133
this	132
have	129
as	128
from	119
?	103
or	102
will	99
not	91
at	90
his	90
one	89
an	88
we	83
has	79
It	71
't	71
your	70
they	70
more	64
their	63
all	63
but	63
:	61
;	61
he	60
up	59
my	58
which	57
also	55
time	55
This	54
were	53
A	53
do	53
He	51
been	51
In	51
its	50
our	49
into	48
had	48
out	47
people	47
some	47
system	46
like	44
about	44
than	43
me	43
there	43
what	43
development	43
other	42
-	42
so	41
!	39
her	39
But	39
should	39
when	38
You	37
We	37
them	37
who	37
new	35
To	35
any	35
paper	35
no	34
two	34
China	34
first	34
important	33
may	32
And	32
how	31
make	31
good	30
high	29
said	29
They	28
very	27
process	27
information	27
him	27
would	27
could	27
most	25
must	25
only	25
use	25
over	25
method	25
many	25
if	24
each	24
us	24
need	24
take	24
different	24
being	23
know	23
work	23
research	23
get	22
What	22
'	22
used	22
well	22
part	22
after	21
As	21
put	21
here	21
water	21
these	21
quality	21
made	21
government	21
just	20
If	20
she	20
're	20
control	20
long	20
management	20
look	20
country	20
'll	19
under	19
now	19
She	19
down	19
world	19
then	19
right	19
think	19
don	19
special	18
much	18
way	18
such	18
want	18
)	18
before	18
day	18
year	18
best	17
off	17
human	17
between	17
change	17
years	17
For	17
see	17
go	17
own	17
treatment	17
too	17
study	17
through	17
based	17
There	17
How	17
both	16
find	16
another	16
results	16
Mr	16
same	16
Chinese	16
areas	16
forward	16
come	16
set	16
few	16
home	16
period	15
without	15
face	15
education	15
back	15
did	15
business	15
might	15
away	15
analysis	15
order	15
methods	15
really	15
'm	15
Objective	15
because	15
better	15
old	14
today	14
money	14
always	14
together	14
little	14
operation	14
man	14
When	14
value	14
already	14
help	14
That	14
data	14
left	14
whole	14
even	14
image	14
support	13
those	13
market	13
performance	13
These	13
test	13
went	13
global	13
&	13
energy	13
next	13
area	13
often	13
second	13
still	13
provide	13
technology	13
problem	13
non	13
show	13
effect	13
role	12
place	12
making	12
power	12
application	12
public	12
type	12
conditions	12
hard	12
side	12
activities	12
Some	12
three	12
With	12
feel	12
product	12
later	12
problems	12
His	12
network	12
characteristics	12
great	12
reform	12
say	12
relationship	12
end	12
national	12
case	12
become	12
rate	12
able	11
heart	11
light	11
took	11
level	11
means	11
traditional	11
around	11
state	11
countries	11
key	11
project	11
give	11
tell	11
technique	11
present	11
found	11
model	11
several	11
systems	11
does	11
pressure	11
during	11
shall	11
true	11
against	11
construction	11
family	11
kind	11
cause	10
house	10
actually	10
improve	10
taking	10
reason	10
car	10
course	10
full	10
specific	10
makes	10
within	10
low	10
large	10
why	10
times	10
room	10
machine	10
computer	10
modern	10
All	10
students	10
production	10
enough	10
last	10
result	10
number	10
men	10
No	10
situation	10
mode	10
days	10
life	10
current	10
condition	10
simple	10
thing	9
higher	9
run	9
body	9
industry	9
never	9
working	9
words	9
Co	9
turn	9
health	9
meet	9
However	9
form	9
design	9
attention	9
software	9
everyone	9
After	9
parents	9
keep	9
Because	9
things	9
read	9
love	9
looking	9
example	9
understand	9
while	9
given	9
American	9
By	9
action	9
once	9
school	9
field	9
success	9
products	9
've	9
resources	9
far	9
space	9
gave	9
local	9
target	9
law	9
economy	9
developed	9
training	9
social	9
length	9
introduced	9
thought	9
matter	8
Our	8
principle	8
company	8
basic	8
experts	8
strength	8
My	8
choose	8
supply	8
sure	8
children	8
English	8
came	8
white	8
engineering	8
U	8
food	8
environment	8
ability	8
living	8
individual	8
live	8
woman	8
price	8
person	8
play	8
-up	8
United	8
prevent	8
article	8
yet	8
clear	8
surface	8
along	8
content	8
international	8
New	8
book	8
."	8
bank	8
says	8
real	8
instead	8
risk	8
small	8
big	8
industrial	8
something	8
Its	8
known	8
background	8
hand	8
ever	8
applied	8
solve	8
heard	8
At	8
So	8
interest	8
On	8
every	8
going	8
team	8
Do	7
personal	7
main	7
strategy	7
customers	7
medical	7
above	7
Please	7
mechanism	7
types	7
video	7
South	7
city	7
death	7
Ltd	7
needs	7
parts	7
quickly	7
am	7
caused	7
equipment	7
One	7
top	7
point	7
air	7
Today	7
applications	7
According	7
according	7
effects	7
discussed	7
soon	7
values	7
channel	7
effective	7
administrative	7
factors	7
getting	7
improving	7
common	7
theory	7
).	7
growth	7
considered	7
view	7
structure	7
complete	7
increasingly	7
four	7
"	7
began	7
done	7
cultural	7
electric	7
bad	7
week	7
device	7
move	7
where	7
call	7
carried	7
diagnosis	7
won	7
materials	7
mainly	7
economic	7
reduce	7
among	7
using	7
didn	7
word	7
difficult	7
damage	7
taken	7
history	7
organization	7
sometimes	7
techniques	7
short	7
recent	7
seen	7
culture	7
directly	7
core	7
security	7
temperature	7
future	7
job	7
stand	7
rather	7
combination	7
coming	7
size	7
required	7
changes	7
'd	7
phase	7
steps	7
server	7
issue	6
due	6
itself	6
name	6
outside	6
free	6
weight	6
studied	6
factor	6
load	6
service	6
event	6
species	6
God	6
sea	6
Party	6
intelligence	6
functions	6
numbers	6
Government	6
goods	6
especially	6
ensure	6
please	6
approach	6
direction	6
address	6
night	6
save	6
City	6
building	6
domestic	6
dynamic	6
issues	6
child	6
poetry	6
offer	6
hear	6
teacher	6
certain	6
natural	6
whether	6
material	6
oil	6
platform	6
brief	6
ways	6
office	6
carry	6
reports	6
allow	6
college	6
algorithm	6
available	6
caught	6
friends	6
final	6
became	6
i	6
earth	6
access	6
step	6
Shanghai	6
planning	6
solution	6
deal	6
significant	6
account	6
early	6
morning	6
longer	6
behavior	6
sun	6
International	6
fit	6
central	6
sweet	6
practical	6
An	6
foreign	6
difference	6
language	6
ready	6
basis	6
lot	6
Therefore	6
influence	6
patients	6
French	6
likely	6
idea	6
cases	6
five	6
appropriate	6
fall	6
learning	6
distribution	6
society	6
goals	6
though	6
,the	6
Study	6
rights	6
affect	6
less	6
edge	6
wall	6
themselves	6
Use	6
seemed	6
relevant	6
achieve	6
style	6
start	6
upon	6
single	6
related	6
cut	6
clinical	6
group	6
plant	6
standard	6
experience	6
responsibility	6
close	6
everything	6
grow	6
Committee	6
music	5
block	5
determine	5
base	5
red	5
challenge	5
necessary	5
processing	5
Good	5
physical	5
mother	5
wish	5
State	5
enterprises	5
circumstances	5
foundation	5
department	5
safety	5
site	5
hot	5
employees	5
women	5
file	5
assets	5
establish	5
return	5
rates	5
membrane	5
Would	5
train	5
Most	5
Europe	5
rich	5
property	5
interests	5
Have	5
cost	5
hotel	5
questions	5
door	5
heat	5
sat	5
appeared	5
comes	5
knows	5
reservoir	5
5	5
properties	5
8	5
4	5
consideration	5
sense	5
dream	5
dreams	5
trouble	5
sex	5
generally	5
age	5
possible	5
trip	5
regional	5
major	5
syndrome	5
range	5
independent	5
war	5
Although	5
managed	5
table	5
object	5
happened	5
policy	5
detection	5
professional	5
failure	5
center	5
line	5
variety	5
ministry	5
direct	5
artificial	5
certainly	5
half	5
historical	5
services	5
called	5
practice	5
designed	5
moment	5
lack	5
science	5
medicine	5
create	5
books	5
simply	5
either	5
doing	5
further	5
dead	5
son	5
blood	5
expect	5
established	5
North	5
efforts	5
forces	5
pattern	5
urban	5
selling	5
dangerous	5
presented	5
Beijing	5
avoid	5
plays	5
Can	5
separate	5
stock	5
Based	5
gradually	5
chapter	5
document	5
Korea	5
provides	5
sites	5
join	5
teaching	5
lead	5
season	5
Here	5
algorithms	5
user	5
feeling	5
function	5
gas	5
decided	5
benefit	5
lost	5
express	5
demand	5
source	5
stability	5
reach	5
excellent	5
doesn	5
asked	5
steel	5
machines	5
eye	5
distance	5
report	5
plasma	5
hit	5
let	5
abroad	5
competition	5
Let	5
peace	5
others	5
fight	5
cancer	5
parameter	5
provided	5
remember	5
insurance	5
calcium	5
fertilizer	5
firms	5
therapy	5
father	5
taste	5
severe	5
Now	5
transformation	5
proposed	5
takes	5
brought	5
Then	5
third	5
seems	5
produce	5
increased	5
front	5
section	5
States	5
worth	5
general	5
signal	5
yield	5
Earth	5
shopping	5
poor	5
sign	4
probably	4
movement	4
loss	4
sleep	4
solid	4
weather	4
stored	4
Through	4
showed	4
sufficient	4
mind	4
fail	4
learn	4
chain	4
Another	4
solvent	4
bought	4
win	4
voters	4
twice	4
2	4
US	4
separated	4
agent	4
operating	4
companies	4
UK	4
Iraq	4
views	4
introduce	4
manager	4
subject	4
soil	4
mechanical	4
piece	4
accident	4
sold	4
connection	4
adjust	4
bring	4
Work	4
fish	4
kept	4
trying	4
class	4
error	4
paid	4
Note	4
Data	4
separation	4
successful	4
Two	4
web	4
spin	4
cell	4
phone	4
touch	4
felt	4
story	4
pay	4
plenty	4
program	4
Germany	4
nations	4
Finally	4
spirit	4
external	4
month	4
scientists	4
town	4
trees	4
match	4
leading	4
review	4
gives	4
introduction	4
accept	4
check	4
again	4
Province	4
characters	4
question	4
hope	4
include	4
note	4
box	4
stopped	4
remain	4
organizations	4
helping	4
young	4
try	4
assigned	4
roads	4
remote	4
Each	4
guarantee	4
located	4
fears	4
sound	4
standards	4
population	4
Why	4
ask	4
resource	4
highly	4
told	4
operations	4
element	4
response	4
noise	4
accuracy	4
tourists	4
exactly	4
lower	4
total	4
financial	4
prediction	4
levels	4
theme	4
aside	4
recession	4
news	4
proved	4
capacity	4
developing	4
requirements	4
position	4
answer	4
spinning	4
nearly	4
feed	4
housing	4
positive	4
requires	4
emotional	4
rely	4
store	4
iron	4
accurate	4
except	4
star	4
member	4
beauty	4
hours	4
High	4
estate	4
models	4
park	4
open	4
prices	4
since	4
cannot	4
adopted	4
tree	4
nature	4
purpose	4
born	4
communication	4
rapid	4
output	4
ship	4
Even	4
nothing	4
mass	4
facilities	4
doubt	4
calls	4
pure	4
analyzed	4
game	4
least	4
becomes	4
playing	4
begins	4
beautiful	4
motion	4
draw	4
feelings	4
focus	4
various	4
enemy	4
popular	4
political	4
claims	4
got	4
Japan	4
academic	4
screen	4
concept	4
fast	4
experimental	4
increasing	4
detecting	4
creative	4
animal	4
Under	4
build	4
creation	4
principles	4
interference	4
pump	4
towards	4
committed	4
images	4
simulation	4
Does	4
decisions	4
tool	4
First	4
yourself	4
zone	4
detail	4
easy	4
package	4
believe	4
costs	4
tears	4
active	4
character	4
including	4
points	4
Li	4
invest	4
capital	4
fine	4
Article	4
terms	4
boy	4
virtual	4
negative	4
inevitable	4
metal	4
painting	4
America	4
add	4
Safety	4
smooth	4
testing	4
lover	4
regarding	4
planets	4
enterprise	4
status	4
shape	4
emergency	4
kinds	4
optical	4
normal	4
inside	4
determination	4
Research	4
media	4
kids	4
develop	4
concrete	4
continuous	4
Analysis	4
seat	4
force	4
eco	4
anything	4
aim	4
else	4
amount	4
increase	4
introduces	4
deserves	4
speed	4
furnace	4
TV	4
knowledge	4
Among	4
benefits	4
date	4
thinking	4
sides	4
online	4
conclusions	4
running	4
reached	4
stay	4
dry	4
broken	4
grey	4
region	4
built	4
compared	4
aggregate	4
reference	4
Technology	4
term	4
John	4
emotion	4
self	4
friend	4
salt	4
robust	4
miss	4
preferred	3
writing	3
relatives	3
tonight	3
Nevertheless	3
leadership	3
resolved	3
believed	3
marketing	3
similar	3
library	3
six	3
Parents	3
daily	3
nutrition	3
fun	3
providing	3
cluster	3
modification	3
growing	3
-old	3
mistakes	3
weapon	3
land	3
ten	3
highest	3
-based	3
commercial	3
peoples	3
consumption	3
rise	3
needed	3
command	3
shaped	3
neck	3
upper	3
bar	3
province	3
patent	3
typically	3
intermediate	3
temporary	3
sorry	3
England	3
football	3
credit	3
code	3
tissue	3
economists	3
Conclusion	3
multiple	3
agents	3
wage	3
Ministry	3
Security	3
integrated	3
extraction	3
voluntary	3
changing	3
eight	3
official	3
kaput	3
send	3
original	3
request	3
s	3
choice	3
draft	3
hood	3
From	3
sister	3
aren	3
police	3
discovered	3
seven	3
answered	3
pieces	3
contrast	3
leaders	3
transfer	3
removed	3
juice	3
willing	3
brain	3
modified	3
coating	3
vote	3
Minister	3
defeat	3
discuss	3
released	3
written	3
suspension	3
hub	3
broke	3
gain	3
Secretary	3
-General	3
Church	3
sensors	3
Effect	3
Treatment	3
British	3
fiber	3
divided	3
categories	3
composed	3
stable	3
Yet	3
act	3
visit	3
wide	3
internal	3
thesis	3
applies	3
occupation	3
civil	3
improved	3
worry	3
looked	3
impact	3
repair	3
break	3
selection	3
Furthermore	3
optimization	3
segmentation	3
armed	3
serious	3
E	3
measures	3
south	3
becoming	3
practices	3
earlier	3
mail	3
Union	3
presents	3
cutting	3
marine	3
village	3
mission	3
automatic	3
attack	3
adult	3
provisions	3
apply	3
kill	3
confirm	3
false	3
holding	3
farm	3
attract	3
sort	3
currently	3
index	3
selected	3
suits	3
enjoy	3
During	3
Cultural	3
May	3
biological	3
discusses	3
-free	3
travel	3
helped	3
boost	3
Monday	3
ease	3
investigated	3
promised	3
military	3
institutions	3
following	3
ring	3
pen	3
doctor	3
afraid	3
boss	3
objects	3
blue	3
slightly	3
feeding	3
Service	3
require	3
workers	3
smaller	3
opportunity	3
schools	3
leaving	3
comment	3
-time	3
granted	3
crowd	3
conclusion	3
manufacture	3
-in	3
etc	3
pain	3
staring	3
Several	3
arrive	3
late	3
Afghanistan	3
glasses	3
Earlier	3
tests	3
co	3
precision	3
ideal	3
realized	3
investigation	3
silver	3
TO	3
allows	3
nice	3
Only	3
aid	3
publications	3
operated	3
articles	3
treating	3
remove	3
executed	3
Hong	3
Kong	3
effort	3
buy	3
traffic	3
linkage	3
tried	3
necessarily	3
skill	3
confidence	3
-term	3
studies	3
cover	3
efficient	3
topic	3
Court	3
calculation	3
extremely	3
craft	3
compress	3
seem	3
letter	3
gold	3
manufacturer	3
inspection	3
mandatory	3
fund	3
budget	3
Don	3
staff	3
patient	3
conducted	3
faith	3
administration	3
dark	3
ago	3
regulations	3
timing	3
window	3
-on	3
Their	3
court	3
display	3
efficiency	3
requirement	3
wants	3
System	3
metals	3
plane	3
turns	3
weakness	3
previous	3
session	3
yesterday	3
Any	3
interesting	3
adoption	3
contract	3
wooden	3
Are	3
educational	3
physics	3
fully	3
advanced	3
concerned	3
scientific	3
equipments	3
Day	3
processes	3
sky	3
skin	3
ones	3
actual	3
ratio	3
Compared	3
handling	3
Did	3
Friday	3
constructing	3
spatial	3
Teaching	3
tooth	3
spot	3
pile	3
sounds	3
months	3
argument	3
artistic	3
sent	3
career	3
reduced	3
activity	3
chair	3
ordinary	3
fact	3
danger	3
raise	3
Palestinian	3
bit	3
wins	3
eating	3
east	3
prepared	3
Is	3
RMB	3
solutions	3
hardware	3
Instead	3
description	3
strategies	3
conventional	3
diversity	3
genes	3
arrow	3
Methods	3
uses	3
stage	3
continue	3
ground	3
Meanwhile	3
sales	3
assign	3
accurately	3
Steel	3
re	3
fuel	3
trend	3
General	3
drawing	3
homework	3
works	3
Setup	3
Surface	3
importance	3
Create	3
(	3
care	3
manage	3
Love	3
Experimental	3
electrical	3
harmonic	3
ecological	3
haven	3
Be	3
composition	3
determined	3
shows	3
fishing	3
deep	3
shown	3
interested	3
folklore	3
art	3
elements	3
holiday	3
cold	3
retrieval	3
almost	3
nobody	3
S	3
grating	3
bronze	3
establishment	3
National	3
reinforced	3
Hospital	3
Project	3
Sometimes	3
starting	3
busy	3
connected	3
Maybe	3
helps	3
schemes	3
funds	3
easily	3
Without	3
drive	3
push	3
operator	3
mathematical	3
finds	3
played	3
relationships	3
motor	3
bond	3
receipt	3
famous	3
brand	3
sustainable	3
warm	3
thoughts	3
beyond	3
summarize	3
molten	3
oxides	3
strong	3
storage	3
spoke	3
exchange	3
post	3
occasion	3
heavy	3
unknown	3
preparing	3
tools	3
fair	3
browning	3
procedures	3
University	3
afternoon	3
reward	3
heating	3
flowers	3
moving	3
relatively	3
goes	3
contents	3
instance	3
engine	3
revealed	3
latex	3
chemical	3
master	3
millions	3
landscape	3
search	3
registration	3
grew	3
While	3
House	3
regeneration	3
partner	3
unless	3
lose	3
voice	3
parties	3
appears	3
Obama	3
middle	3
suggestions	3
characteristic	3
speech	3
-owned	3
songs	3
meant	3
degree	3
scale	3
particularly	3
innovation	3
started	3
Who	3
Also	3
having	3
cultivation	3
Well	3
carefully	3
memories	3
Where	3
Or	3
happen	3
obtained	3
-economic	3
drum	3
wanted	3
grass	3
jacket	3
briefly	3
extension	3
nerve	3
cells	3
secret	3
unit	3
creature	3
temperatures	3
members	3
looks	3
proper	3
title	3
discussion	3
giving	3
horse	3
suddenly	3
Unit	3
Yuan	3
lawn	3
expression	3
promotion	3
therefore	3
Saturday	3
stop	3
birthday	3
fear	3
Guangzhou	3
Practice	3
socialism	3
democracy	3
database	3
literary	3
broker	3
guarantees	2
freedom	2
perspective	2
eliminate	2
elephant	2
floor	2
Grandpa	2
Comprehensive	2
electronic	2
approval	2
beam	2
naturally	2
slowly	2
Qi	2
assembly	2
included	2
generated	2
finish	2
arm	2
ride	2
la	2
formed	2
bicycle	2
rode	2
limited	2
events	2
described	2
-year	2
zoo	2
tiger	2
firm	2
taxi	2
shore	2
private	2
preference	2
designs	2
residual	2
stresses	2
fatigue	2
newspapers	2
nowhere	2
allowed	2
settlement	2
personnel	2
wood	2
attached	2
Get	2
safe	2
dairy	2
injury	2
pollution	2
sands	2
concluded	2
dramatic	2
strengthening	2
mechanisms	2
-farm	2
advantages	2
advance	2
download	2
sources	2
includes	2
advised	2
Philip	2
vision	2
debtor	2
identified	2
proceeds	2
parent	2
thrown	2
fabrication	2
bone	2
mess	2
resistance	2
monthly	2
minimum	2
Social	2
shoes	2
technological	2
papers	2
programmer	2
perfect	2
counter	2
.S	2
attractive	2
candle	2
converter	2
Plant	2
uncle	2
Jesus	2
probe	2
weeks	2
deposit	2
beat	2
watch	2
likes	2
Modern	2
Solar	2
Energy	2
residential	2
implications	2
painful	2
ran	2
dissertation	2
holds	2
intellectual	2
endless	2
careful	2
created	2
behind	2
french	2
satisfies	2
ears	2
Republican	2
refuse	2
proposals	2
concern	2
seldom	2
recognize	2
linguistics	2
attacks	2
stood	2
pupils	2
minor	2
monster	2
destroyed	2
differential	2
percentage	2
Once	2
Not	2
disorder	2
differently	2
sufferers	2
producing	2
isolated	2
announced	2
Prime	2
Different	2
comparing	2
Constitution	2
qualification	2
cooperation	2
continuously	2
lessons	2
advice	2
cook	2
enjoying	2
More	2
details	2
respiratory	2
spoken	2
inter	2
option	2
enables	2
Put	2
Nations	2
community	2
gathering	2
wake	2
thanks	2
glass	2
Application	2
THE	2
Group	2
measured	2
tradition	2
reproduction	2
propose	2
reconstruction	2
Packaging	2
Council	2
dance	2
gels	2
-tube	2
tied	2
promise	2
disaster	2
gained	2
galaxy	2
Such	2
led	2
states	2
disease	2
cross	2
phosphorus	2
independently	2
Results	2
rats	2
President	2
covers	2
stocks	2
conforms	2
commitment	2
obtain	2
advertising	2
demands	2
macroeconomic	2
hash	2
Every	2
university	2
clubs	2
task	2
3	2
robot	2
sets	2
nodes	2
teachers	2
fate	2
conflict	2
bizarre	2
reported	2
Mechanics	2
sections	2
host	2
incidents	2
drove	2
write	2
reasonable	2
lifting	2
asking	2
fulfil	2
Medical	2
Association	2
loud	2
player	2
canal	2
substance	2
flame	2
welding	2
biggest	2
stone	2
"A	2
Night	2
distinct	2
port	2
surprised	2
nose	2
guidance	2
helicopter	2
investigate	2
chronic	2
forms	2
directed	2
Congress	2
figure	2
involved	2
defense	2
pond	2
turned	2
cervical	2
warning	2
double	2
falling	2
additional	2
gross	2
indeed	2
hollow	2
joint	2
largest	2
strawberry	2
Sunshine	2
Coast	2
frequent	2
considerably	2
snow	2
Chang	2
guide	2
paddy	2
rice	2
vast	2
experiment	2
Order	2
dress	2
arrived	2
quite	2
agrees	2
advocated	2
electrode	2
obstacle	2
survey	2
Americans	2
nation	2
David	2
ruled	2
circuit	2
Should	2
pass	2
conduct	2
researchers	2
suggested	2
dollar	2
homes	2
Which	2
strategic	2
cats	2
undergo	2
attempt	2
constructed	2
stroke	2
mistake	2
tested	2
usually	2
documentation	2
Queen	2
fracture	2
received	2
legitimate	2
CFI	2
register	2
Dr	2
healthy	2
Academy	2
Pediatrics	2
assessing	2
-being	2
ratings	2
flexible	2
container	2
probability	2
stiff	2
Smith	2
CT	2
hepatic	2
recommended	2
plans	2
temple	2
grounds	2
setting	2
website	2
mean	2
Master	2
tips	2
tourism	2
Commerce	2
driver	2
helpful	2
vessel	2
officials	2
France	2
Russia	2
-class	2
defects	2
studying	2
oneself	2
provision	2
pre	2
comfortable	2
Yesterday	2
warned	2
southwest	2
basin	2
welcome	2
Force	2
casualties	2
construct	2
Take	2
Center	2
War	2
Indian	2
killed	2
nights	2
correct	2
indicate	2
shift	2
gear	2
optimal	2
cat	2
cynical	2
programs	2
Experience	2
internet	2
meeting	2
frog	2
sport	2
die	2
bacterial	2
journal	2
cities	2
activate	2
automation	2
sequence	2
assessed	2
smell	2
kiss	2
awful	2
anyone	2
Iran	2
undertaken	2
promises	2
Thus	2
federal	2
regulate	2
processed	2
dirty	2
dog	2
walk	2
showing	2
straw	2
candidate	2
predict	2
leaves	2
micro	2
cycle	2
BP	2
learned	2
technologies	2
agriculture	2
forest	2
mountain	2
stayed	2
synthetic	2
rule	2
Roman	2
invasion	2
river	2
road	2
combine	2
skeleton	2
weighing	2
delivered	2
impression	2
skillful	2
"It	2
ourselves	2
coordination	2
intake	2
passage	2
actions	2
swimming	2
Charles	2
discipline	2
appear	2
specialized	2
superiority	2
compensation	2
Latin	2
verbs	2
exam	2
Both	2
pour	2
click	2
outline	2
invisible	2
indicated	2
responses	2
throw	2
bogus	2
codes	2
Everyone	2
movie	2
shaking	2
Indians	2
entirely	2
beginning	2
mainstream	2
breast	2
sub	2
-photon	2
norm	2
pretty	2
launch	2
harmonious	2
worldwide	2
empire	2
settings	2
associated	2
Physics	2
ahead	2
someone	2
Evaluation	2
UN	2
suit	2
manufacturing	2
black	2
married	2
extended	2
contacting	2
shrugged	2
follow	2
teams	2
viscosity	2
spaceship	2
researched	2
bridges	2
interface	2
transition	2
Talk	2
listen	2
B	2
settled	2
straight	2
-Secretary	2
Management	2
analyses	2
physiological	2
edit	2
flow	2
applicability	2
deeply	2
commodities	2
tumor	2
emphasis	2
typical	2
spectrum	2
Dutch	2
:To	2
comprehensive	2
army	2
30	2
escape	2
evil	2
hour	2
chinas	2
prefer	2
universities	2
constituencies	2
teach	2
users	2
couple	2
aging	2
buying	2
refused	2
Kingdom	2
transmission	2
provider	2
spend	2
mature	2
reduction	2
formally	2
Western	2
banking	2
acted	2
exist	2
prerequisite	2
realistic	2
occur	2
organize	2
matters	2
relating	2
wire	2
forty	2
opinion	2
execution	2
relative	2
parameters	2
decreased	2
Botanical	2
Garden	2
warming	2
blame	2
Method	2
Vocational	2
Technical	2
College	2
collective	2
tiny	2
correlation	2
gentle	2
affected	2
euro	2
perform	2
secrets	2
programmers	2
literature	2
cash	2
cleansing	2
sexual	2
greatly	2
geographic	2
desk	2
tip	2
Emma	2
knew	2
contradiction	2
alarm	2
contaminated	2
Williams	2
owners	2
signature	2
siege	2
territory	2
clusters	2
gains	2
reflected	2
European	2
girl	2
textbooks	2
appeals	2
branch	2
Report	2
wash	2
continuing	2
hair	2
Model	2
defining	2
Korean	2
pine	2
indices	2
itch	2
gene	2
greeting	2
hold	2
massage	2
connect	2
north	2
supervision	2
hygiene	2
telephone	2
endowment	2
applying	2
fruit	2
tasks	2
faster	2
Part	2
parks	2
Xiamen	2
joke	2
suitable	2
demonstrate	2
de	2
Christmas	2
coal	2
transport	2
accordance	2
correction	2
concentration	2
combat	2
entering	2
territoriality	2
cancel	2
thousands	2
streets	2
surrounding	2
countryside	2
attitude	2
brown	2
Iron	2
share	2
vehicle	2
figures	2
leave	2
nervous	2
seasons	2
head	2
held	2
western	2
deliver	2
segment	2
acute	2
coronary	2
Lei	2
buildings	2
threat	2
punishment	2
robots	2
raw	2
enjoyed	2
party	2
aware	2
repaired	2
adequate	2
forecast	2
climate	2
shoulders	2
evaluate	2
sugar	2
detailed	2
passes	2
im	2
summer	2
wife	2
sick	2
couldn	2
underground	2
German	2
Changes	2
fireworks	2
-metallic	2
spray	2
supervisory	2
decrease	2
cognition	2
unified	2
sensitivity	2
accomplished	2
interactive	2
truly	2
-of	2
restrain	2
ancient	2
forgotten	2
surprising	2
dinner	2
commensurate	2
departments	2
London	2
communities	2
formation	2
plate	2
roll	2
talented	2
admire	2
measure	2
Sun	2
Light	2
features	2
manners	2
oncoming	2
backed	2
moved	2
until	2
ambient	2
projection	2
tourist	2
Merck	2
USA	2
color	2
dancing	2
successfully	2
puts	2
factory	2
lots	2
adults	2
evening	2
hypertensive	2
drink	2
Ukrainian	2
League	2
borrow	2
loan	2
sharks	2
appreciation	2
sewing	2
fifty	2
landslides	2
findings	2
Production	2
Unfortunately	2
whose	2
chief	2
objective	2
manual	2
C	2
arts	2
sciences	2
altar	2
Nearly	2
rock	2
Glacier	2
limit	2
frames	2
Yanda	2
Testing	2
frame	2
happy	2
however	2
sensation	2
staged	2
maybe	2
bright	2
owner	2
instruction	2
harm	2
stick	2
enhance	2
massive	2
Section	2
define	2
networks	2
currency	2
random	2
Samaria	2
melted	2
objectives	2
physiotherapy	2
operative	2
angry	2
Improve	2
challenges	2
determining	2
policies	2
Like	2
N	2
significance	2
depth	2
necessity	2
maturity	2
equations	2
fluid	2
initial	2
effectively	2
Tomorrow	2
somebody	2
past	2
amid	2
slow	2
Life	2
flam	2
lawyers	2
holidays	2
,it	2
crises	2
significantly	2
Alpha	2
frequency	2
calibration	2
avoided	2
politics	2
portrait	2
printed	2
maps	2
derive	2
planned	2
School	2
stress	2
releasing	2
retail	2
mention	2
Key	2
finance	2
-called	2
sudden	2
causes	2
arrest	2
existing	2
Low	2
zinc	2
acid	2
catalysts	2
perfection	2
nitrogen	2
absorption	2
antagonism	2
canned	2
unique	2
charm	2
Act	2
Institute	2
Information	2
optimum	2
prospects	2
considers	2
wages	2
300	2
Case	2
Frame	2
treat	2
temporal	2
winkles	2
Performance	2
conference	2
worse	2
spectral	2
powder	2
rotating	2
Using	2
radiation	2
detected	2
measurement	2
green	2
weighed	2
adsorption	2
mobile	2
throwing	2
instinct	2
switch	2
Year	2
crucial	2
regardless	2
basketball	2
ethical	2
singing	2
hurt	2
speak	2
County	2
Public	2
adjustment	2
memory	2
Has	2
mentality	2
basically	2
dressed	2
television	2
protection	2
classical	2
brilliant	2
manufacturers	2
garden	2
statement	2
Yes	2
twins	2
independence	2
plants	2
component	2
reaction	2
eventually	2
identity	2
respect	2
possibility	2
damping	2
Change	2
notice	2
below	2
glad	2
boat	2
PREDICT	2
tissues	2
Faulkner	2
consciousness	2
primary	2
reliability	2
seeking	2
packet	2
adapt	2
Look	2
happens	2
dish	2
Plasma	2
contain	2
dust	2
storm	2
Northern	2
list	2
scenario	2
voting	2
Conference	2
improvement	2
worked	2
throughout	2
fractal	2
dimension	2
-wear	2
larger	2
race	2
trial	2
victim	2
personality	2
partners	2
Beams	2
gonna	2
minutes	2
performing	2
-plate	2
boundary	2
experiments	2
gray	2
decision	2
election	2
configuration	2
Executives	2
economies	2
Kaschin	2
-Beck	2
"a	2
charge	2
message	2
saying	2
passenger	2
flight	2
Sea	2
Anti	2
-speed	2
blind	2
barrel	2
reply	2
stands	2
stromboli	2
club	2
equation	2
catch	2
Mars	2
permanent	2
Keep	2
resemblance	2
Of	2
subspace	2
structures	2
Pre	2
-tensioned	2
Railway	2
Sheet	2
columns	2
cry	2
causing	2
digital	2
instructions	2
'You	2
Fingers	2
salary	2
lithium	2
Women	2
priority	2
luck	2
Having	2
breakfast	2
shouldn	2
technical	2
ultrafiltration	2
faces	2
beating	2
versions	2
backward	2
Definitely	2
Nothing	2
anti	2
referred	2
protocols	2
Consequently	2
floors	2
mutual	2
beneficial	2
via	2
location	2
advantage	2
countermeasures	2
espresso	2
weird	2
putting	2
heavily	2
forbidden	2
array	2
decide	2
rising	2
tea	2
represented	2
heads	2
Taking	2
profound	2
noted	2
arms	2
extend	2
positions	2
yellow	2
complex	2
flashing	2
Problems	2
Market	2
journey	2
phones	2
combining	2
regulating	2
realization	2
Deputy	2
seconds	2
coarse	2
-size	2
rural	2
accomplish	2
fermented	2
grains	2
liquor	2
ideas	2
instantly	2
per	2
applicable	2
increases	2
potential	2
drop	2
managers	2
investment	2
confuse	2
firemen	2
Great	2
Ladies	2
plastic	2
errors	2
terrible	2
wasn	2
illegally	2
interfere	2
exercise	2
blocking	2
logistics	2
Web	2
expectations	2
honestly	2
routing	2
series	2
concluding	2
dollars	2
/	2
-level	2
kitchen	2
invert	2
cast	2
Director	2
feature	2
unlock	2
stars	2
Olympic	2
Developing	2
infrared	2
battle	2
sports	2
volume	2
Relationship	2
Between	2
restaurant	2
trade	2
OIOS	2
classification	2
researches	2
laryngeal	2
concerning	2
cars	2
namespace	2
detect	2
depicted	2
ashes	2
partly	2
1	2
seriously	2
players	2
expected	2
extracted	2
saving	2
receiving	2
multipurpose	2
examples	2
governance	2
Third	2
Dai	2
Dynasty	2
interview	2
unloading	2
substances	2
existed	2
Hill	2
press	2
bounded	2
Introduction	2
revolution	2
tens	2
duration	2
compensable	2
items	2
average	2
bag	2
filled	2
units	2
purifier	2
builds	2
missed	2
pursuit	2
bearing	2
feared	2
addition	2
native	2
blast	2
rent	2
arrangement	2
projects	2
aspect	2
Sinodavi	2
Company	2
near	2
integral	2
warehouse	2
toilets	2
observation	2
mortgages	2
sand	2
programming	2
feasibility	2
bodies	2
foundations	2
diameter	2
gap	2
route	2
intrinsic	2
professionals	2
huge	2
consider	2
-like	2
opening	2
Liverpool	2
Jilin	2
walls	2
whatever	2
arteries	2
identify	2
weeds	2
debt	2
assignment	2
stimulus	2
cracked	2
explore	2
authors	2
sketch	2
superior	2
fissure	2
Evans	2
talent	2
vocational	2
sheet	2
resistant	2
coatings	2
useful	2
foot	2
winter	2
realize	2
uncertain	2
changed	2
multi	2
genetic	2
dose	2
atropine	2
quilt	2
miles	2
Kaizen	2
geometrical	2
Afghan	2
interim	2
cooking	2
counterpoint	1
Romantic	1
homophony	1
dominated	1
muttering	1
drooling	1
addresses	1
judges	1
pub	1
historic	1
militants	1
entire	1
proximate	1
protecting	1
insurers	1
insured	1
Hall	1
mattress	1
bed	1
Einstein	1
universe	1
Done	1
:)	1
procedure	1
promulgates	1
essential	1
retention	1
supports	1
counterbalance	1
breathe	1
exhale	1
turbid	1
emitting	1
Regardless	1
defined	1
picky	1
eaters	1
Lean	1
flab	1
sale	1
Strap	1
bumpy	1
stylish	1
Tour	1
Eiffel	1
Cluster	1
coupling	1
wheels	1
undecided	1
documentary	1
seminal	1
chimpanzee	1
rare	1
Carolina	1
surrogate	1
23	1
-day	1
cubs	1
Textiles	1
represent	1
-wired	1
successes	1
yards	1
dinghy	1
Doctoral	1
elite	1
represents	1
tertiary	1
Jinhe	1
Canton	1
Wood	1
Industry	1
Myanmar	1
teak	1
flooring	1
specialization	1
owned	1
creativity	1
Shen	1
stressed	1
friendship	1
impacts	1
journals	1
publicize	1
starts	1
beads	1
perspiration	1
foreheads	1
Meat	1
striking	1
Am	1
Anderson	1
Predicting	1
Other	1
fits	1
ox	1
ends	1
yoke	1
valuables	1
campaign	1
focusing	1
nor	1
medicines	1
abnormally	1
designated	1
chemicals	1
repose	1
angle	1
particle	1
interns	1
upturns	1
troubles	1
champion	1
flag	1
enable	1
Subtract	1
distaste	1
debra	1
disadvantages	1
irresponsible	1
timetable	1
airline	1
announcement	1
edited	1
passed	1
bread	1
remarkable	1
Saviour	1
Proceeds	1
manner	1
Additionally	1
override	1
deriving	1
compilation	1
scaffolds	1
overviewed	1
count	1
Greek	1
isn	1
warn	1
Drug	1
-resistant	1
PA	1
antimicrobial	1
imipenem	1
birds	1
pecking	1
corn	1
Labour	1
Ultrafiltration	1
pretreatment	1
soybean	1
oligose	1
aerogrammes	1
commemorative	1
stamps	1
Comment	1
Toudang	1
candidates	1
declare	1
ultimate	1
scepticism	1
-spin	1
lift	1
conformation	1
certificate	1
darkness	1
favorite	1
brahms	1
concerto	1
Appropriate	1
secondary	1
dedusting	1
-gas	1
Xingtai	1
Steelmaking	1
opened	1
loves	1
evaded	1
Probaly	1
PRs	1
farms	1
guarded	1
Robinson	1
adventurous	1
skydiving	1
surplus	1
Freiberg	1
Owning	1
geopolitical	1
paying	1
profligacy	1
spattered	1
mud	1
inherent	1
balancing	1
dialectical	1
fertile	1
confusing	1
tangled	1
figured	1
hid	1
clams	1
shrimp	1
served	1
fried	1
potatoes	1
-conditioner	1
conservation	1
volumetric	1
comfortableness	1
premise	1
straining	1
toward	1
faint	1
glow	1
Few	1
dialogue	1
reiterated	1
ongoing	1
violence	1
authority	1
launched	1
fierce	1
undaunted	1
Temperature	1
opponent	1
Monster	1
Card	1
Zones	1
spectroscopy	1
scanning	1
tunnelling	1
microscopy	1
Hobbes	1
acts	1
laws	1
grapes	1
pressed	1
ferment	1
Veuve	1
Clicquot	1
Champagne	1
enters	1
purchasing	1
purchase	1
scope	1
confused	1
forgetfulness	1
affects	1
Alzheimer	1
degenerative	1
manifests	1
proportion	1
silicone	1
fungus	1
-activity	1
lipase	1
-contaminated	1
samples	1
Luzhou	1
Sichuan	1
Bohai	1
jack	1
refitted	1
slot	1
cantilever	1
-beam	1
acknowledged	1
Investigation	1
Stability	1
Cefotaxime	1
Sodium	1
Injections	1
Infusion	1
Packages	1
compatible	1
ignored	1
oaths	1
prescribes	1
neccessary	1
duties	1
Thirdly	1
expanding	1
rearranging	1
communique	1
Domestic	1
clarithromycin	1
infections	1
Proficient	1
Mandarin	1
Cantonese	1
musings	1
-rupted	1
Montagu	1
explains	1
intervening	1
genocide	1
Rwanda	1
Libraries	1
neighborhoods	1
leap	1
dressing	1
DBF	1
Pulse	1
Chasing	1
Bistatic	1
Radar	1
TAXONOMIC	1
STUDY	1
OF	1
GENUS	1
PONTIA	1
FABRICIUS	1
IN	1
CHINA	1
(LEPIDOPTERA	1
PIERIDAE	1
sulk	1
perhaps	1
knack	1
Four	1
Friends	1
sample	1
baked	1
specified	1
quantity	1
Tracy	1
solely	1
recreational	1
immoral	1
'data	1
6-BA	1
Modified	1
Atmosphere	1
Asparagus	1
audition	1
ambitions	1
filling	1
loose	1
thixotropic	1
linger	1
Traveling	1
salesmen	1
visiting	1
contributions	1
victims	1
footing	1
Hopefuiiy	1
humans	1
relocated	1
trends	1
conclude	1
formidable	1
authoritarian	1
fortunate	1
Africans	1
grappling	1
icy	1
Seeking	1
-talk	1
phytohormone	1
signaling	1
P	1
tolerance	1
maize	1
hide	1
suspiciously	1
Kassala	1
geographically	1
offices	1
groups	1
kidney	1
yang	1
deficiency	1
Yahoo	1
bottom	1
Shiwan	1
Wan	1
revenue	1
-capitalized	1
analyze	1
binding	1
completely	1
horrid	1
Brown	1
polls	1
demurs	1
Observation	1
experiences	1
(knowledge	1
conceptual	1
metaphor	1
Applicant	1
stoke	1
Uganda	1
translate	1
majority	1
Uncle	1
Wang	1
Changing	1
dictionary	1
toast	1
societies	1
prophets	1
Thethe	1
cooperative	1
caching	1
Chapter	1
tipical	1
Transgenic	1
mosaics	1
contexts	1
robustness	1
desired	1
localization	1
dynamically	1
localizes	1
WSN	1
mapping	1
innocent	1
concerns	1
Back	1
Kim	1
Separate	1
scores	1
M	1
unrelated	1
destructive	1
synchronization	1
synchronize	1
concurrent	1
superstructure	1
mounting	1
Significantly	1
Asian	1
carers	1
saw	1
responsibilities	1
White	1
toes	1
slim	1
snip	1
permissible	1
XP	1
editors	1
Journal	1
JAMA	1
organized	1
empty	1
boasting	1
;a	1
bragger	1
Sue	1
gotten	1
link	1
oxyhydrogen	1
sculptured	1
poem	1
Mooring	1
Maple	1
Bridge"	1
terminal	1
infrastructure	1
cargo	1
passengers	1
vessels	1
Strong	1
aromatic	1
fruits	1
spices	1
liquorice	1
carries	1
stabilisation	1
targets	1
Aim	1
intrauterine	1
hypoxia	1
(CIH	1
endothelium	1
vascular	1
relaxation	1
pathological	1
offspring	1
rabbit	1
agencies	1
transmit	1
rules	1
obesity	1
soldiers	1
operational	1
spokesman	1
nick	1
van	1
haver	1
said"	1
Thoreau	1
alone	1
cabin	1
deliberately	1
obsess	1
-cross	1
debris	1
generate	1
-wave	1
expenditure	1
misdialed	1
Otherwise	1
formalistic	1
banner	1
lag	1
screw	1
fixation	1
replacement	1
femoral	1
fractures	1
pair	1
turtles	1
Australia	1
Lima	1
bypassed	1
begun	1
gastronomes	1
excellence	1
Peruvian	1
cuisine	1
"Why	1
earth"	1
Symptoms	1
pelvis	1
urination	1
urge	1
urinate	1
Tortoise	1
wait	1
Suzlon	1
listed	1
Bombay	1
Stock	1
Exchange	1
answers	1
vary	1
compare	1
crevasse	1
guitars	1
ordered	1
custom	1
board	1
pickup	1
AIM	1
sennosides	1
Bi	1
Qing	1
Enteric	1
-coated	1
Granules	1
Considering	1
actuality	1
corporate	1
distress	1
foreard	1
lines	1
distinguished	1
demonstration	1
selecting	1
-quality	1
Xinyang	1
locality	1
Angus	1
steak	1
Mongolian	1
adornments	1
connotations	1
recessive	1
liberation	1
Movement	1
accounts	1
enhanced	1
removal	1
inert	1
objections	1
masterly	1
accelerate	1
"sunshine	1
fleet"	1
royal	1
endorsement	1
golf	1
popularity	1
Bush	1
sought	1
headed	1
Breckinridge	1
You"re	1
treason	1
Cesar	1
suffering	1
thigh	1
strain	1
Idaho	1
directionally	1
allowable	1
appropriately	1
grades	1
JCEE	1
flummoxed	1
alliance	1
transfers	1
diseases	1
-country	1
Anything	1
tower	1
homeless	1
describes	1
dogs	1
Friedrich	1
Bellamy	1
lion	1
Make	1
involves	1
worrying	1
feminine	1
Paterson	1
Eliot	1
Spitzer	1
-girl	1
'n	1
animals	1
blamed	1
Integrate	1
Runtime	1
patterns	1
workable	1
richcel	1
-spun	1
yarn	1
alalyzed	1
repeated	1
reproducing	1
ought	1
sociable	1
enzymes	1
horseradish	1
peroxidase	1
pronase	1
Suns	1
yeah	1
agree	1
Ten	1
twist	1
Raynor	1
temporarily	1
allied	1
Arcturus	1
Mengsk	1
Blades	1
reforged	1
Sarah	1
Kerrigan	1
zerg	1
Overmind	1
Plain	1
pottery	1
cups	1
saucers	1
matched	1
ant	1
erior	1
cranial	1
fossa	1
magazine	1
canted	1
Ejection	1
injections	1
tendon	1
fee	1
portions	1
milestones	1
Greenspan	1
guidelines	1
doctors	1
infants	1
meals	1
Piezoelectric	1
alert	1
comparisons	1
string	1
placed	1
knotted	1
confined	1
LiveScience	1
hilar	1
cholangiocarcinoma	1
Rousseau	1
"The	1
keeping	1
balance	1
Desire	1
physic	1
Refrain	1
lucky	1
councils	1
lesson	1
disciples	1
receive	1
paycheck	1
income	1
Pulling	1
EU	1
encouragement	1
arouse	1
potentiabilities	1
astray	1
shrill	1
midsummer	1
cricket	1
relieved	1
Visit	1
Museum	1
Fine	1
Arts	1
Old	1
Paintings	1
traveling	1
Budapest	1
Witnesses	1
spun	1
careened	1
terrifying	1
advancing	1
Bo	1
Xilai	1
nosed	1
structural	1
"fractious"	1
negotiations	1
"acrimony"	1
farmers	1
producers	1
export	1
markets	1
poked	1
ribs	1
elbow	1
dependability	1
quivery	1
capability	1
solder	1
Silly	1
earnest	1
-out	1
mine	1
-order	1
standardize	1
developers	1
HUD	1
consent	1
-Technologies	1
(Shanghai	1
Suzhou	1
Again	1
Tianchang	1
Anhui	1
Jinhu	1
sag	1
Dongtai	1
depression	1
Jiangsu	1
Assistance	1
(ISAF	1
minimize	1
civilian	1
terrain	1
texture	1
keystone	1
print	1
waik	1
Across	1
Galactic	1
Civil	1
Palpatine	1
fist	1
commandos	1
terrorists	1
stormed	1
accessibility	1
proteins	1
hematological	1
neoplasms	1
Time	1
automatically	1
magic	1
NW	1
hopes	1
discontent	1
hukou	1
holders	1
Her	1
recognizable	1
-hosted	1
GZTV	1
Channel	1
Fragrant	1
crisp	1
tasty	1
Galleries	1
gallery	1
makeup	1
stupidity	1
York	1
dozen	1
stockbrokers	1
merchants	1
habit	1
buttonwood	1
Wall	1
Street	1
amazed	1
talked	1
Boxing	1
bending	1
turning	1
Man	1
fulfilled	1
catalyzing	1
ions	1
leaching	1
chalcopyrite	1
dishes	1
XX	1
.YY	1
PRINTER	1
ERROR	1
PRESS	1
GO	1
CONTINUE	1
Husband	1
loved	1
deceived	1
vacation	1
crush	1
Oreos	1
cyanobacteria	1
neat	1
blocks	1
Settle	1
Landless	1
Peasants	1
stabilized	1
fidelity	1
breath	1
disarming	1
generous	1
doubted	1
posted	1
followed	1
muses	1
-solvent	1
simultaneous	1
deasphalting	1
lubricating	1
-oil	1
distillate	1
totalitarian	1
-murdering	1
regimes	1
Soviet	1
Nazi	1
Fourthly	1
anomalies	1
sentenced	1
bigger	1
meanings	1
layout	1
milk	1
cheat	1
pinstripe	1
meta	1
-cognition	1
attracting	1
Billy	1
fasting	1
Cooper	1
Magical	1
tonics	1
item	1
faithfulness	1
Titanium	1
BT	1
1-0	1
Gray	1
-Disaster	1
neural	1
Blix	1
ElBaradei	1
hydrographic	1
basins	1
melody	1
violins	1
stroller	1
cleaned	1
decency	1
funeral	1
concise	1
somewhere	1
harp	1
Chile	1
Supreme	1
recommendation	1
recorded	1
organically	1
parcel	1
ton	1
Kosygin	1
frustrating	1
otherwise	1
divert	1
nodded	1
outgoing	1
relies	1
specially	1
combustion	1
lively	1
wonderful	1
attitudes	1
Dao	1
Tibetan	1
Devanagari	1
Dongguan	1
medalist	1
Zhang	1
Guoying	1
completed	1
lighting	1
cauldron	1
examine	1
dialysis	1
fistula	1
keys	1
happier	1
awakening	1
apparatus	1
reactive	1
mathematic	1
capacitor	1
placement	1
reinforce	1
fiscal	1
utilization	1
jar	1
marinade	1
bangs	1
ceremony	1
burst	1
hen	1
controllers	1
insure	1
garments	1
Electricity	1
Modify	1
exception	1
Rather	1
fencing	1
holocomm	1
Confederacy	1
Vos	1
contribute	1
afford	1
hearts	1
Brave	1
interact	1
classmates	1
officer	1
cautious	1
,because	1
rational	1
Hispanic	1
Various	1
reinforcing	1
fix	1
conjunction	1
decidedly	1
mixed	1
wrong	1
contemptuous	1
enormous	1
association	1
boycotts	1
parallel	1
achieved	1
contact	1
-throughs	1
possibly	1
wealthiest	1
BPC	1
intends	1
acquisition	1
labels	1
personally	1
invite	1
Teacher	1
HELM	1
Virtually	1
Classroom	1
annulus	1
Crotone	1
taxed	1
neglecting	1
strangling	1
suffocating	1
classes	1
pinged	1
ignition	1
retarded	1
Fuzzy	1
Waved	1
-edge	1
Milling	1
Blade	1
Neural	1
Network	1
cloud	1
provisioning	1
slaughter	1
displacement	1
civilians	1
Patients	1
cirrhosis	1
nephrotic	1
subnormal	1
diuretics	1
Until	1
finances	1
hitch	1
pole	1
seedbed	1
conditioner	1
Gold	1
overnight	1
Euro	1
crude	1
recovered	1
bout	1
humble	1
Q	1
updates	1
struggle	1
Looking	1
bitterly	1
regret	1
thickener	1
descended	1
initiator	1
rose	1
picture	1
-sensing	1
aiming	1
aircrafts	1
-space	1
kernel	1
(in	1
spaces	1
enemies	1
judgment	1
dispute	1
arising	1
observing	1
pledge	1
compensate	1
incurred	1
Apple	1
Microsoft	1
-screen	1
conscious	1
weaver	1
manifest	1
physicality	1
stipulated	1
packed	1
auditorium	1
centrifugal	1
fibers	1
retina	1
(Rana	1
nigromaculata	1
)?	1
Eco	1
-tourism	1
"responsible	1
tourism"	1
attribute	1
distinguishes	1
criminals	1
Out	1
appointments	1
appointed	1
misunderstanding	1
Blue	1
righs	1
{	1
0	1
}	1
speculators	1
weak	1
liquid	1
voltage	1
gets	1
morsel	1
theories	1
enrich	1
diverge	1
bill	1
hugestep	1
regaining	1
freedoms	1
Hands	1
immersed	1
circulation	1
ascendant	1
achievements	1
ceaseless	1
emergence	1
sphere	1
excise	1
Hubacker	1
"lean	1
-destructive	1
generates	1
-resolution	1
-dimensional	1
buried	1
layers	1
Hopefully	1
info	1
soundclips	1
nearest	1
centroid	1
classify	1
lesions	1
malignant	1
benign	1
validation	1
sequelae	1
acquired	1
director	1
liked	1
scheme	1
proceeded	1
tear	1
bits	1
Discourse	1
Integrating	1
Water	1
Spatial	1
Planning	1
Strategies	1
weights	1
evaluation	1
indexes	1
expresses	1
filed	1
multinomial	1
Amber	1
fat	1
Baby	1
Children	1
Hooray	1
ducts	1
veins	1
gather	1
possessions	1
hills	1
coniferous	1
forests	1
engaged	1
surveying	1
traditions	1
Besides	1
roundabout	1
Stanford	1
21	1
contest	1
furniture	1
loaned	1
museum	1
ane	1
-business	1
connects	1
intranets	1
extranet	1
scary	1
Language	1
inseparable	1
gurus	1
priests	1
separative	1
differ	1
crystallization	1
depends	1
amorphous	1
alloys	1
submitting	1
onto	1
toss	1
coin	1
seeing	1
camp	1
lovelorn	1
psychological	1
wonders	1
Wrinkles	1
classic	1
mottled	1
older	1
-looking	1
practically	1
automobiles	1
stubbrnly	1
islands	1
comprise	1
Republic	1
Ireland	1
(or	1
Eire	1
accessing	1
selfless	1
underscore	1
strengths	1
epitomise	1
professionalism	1
prides	1
uprising	1
Austrians	1
Were	1
Congratulate	1
Croatian	1
authorities	1
stationed	1
demilitarized	1
reflects	1
calm	1
transactions	1
judgement	1
formaldehyde	1
titration	1
computing	1
briefness	1
Ron	1
peacekeeping	1
viable	1
mandate	1
dorm	1
pIan	1
sponsor	1
Ceramic	1
tiles	1
sanitary	1
wares	1
auxiliary	1
Eliza	1
contorted	1
sweeping	1
undisturbed	1
Gideon	1
institution	1
extraordinary	1
penal	1
CONCLUSION	1
Endometriosis	1
pelvic	1
infertility	1
reconciliation	1
-litigious	1
reconciling	1
author	1
strict	1
proof	1
curvature	1
circle	1
involute	1
theaxis	1
hyperboloid	1
tominimum	1
orientation	1
Guizhou	1
horseback	1
Climate	1
-change	1
realm	1
uncertainty	1
consensus	1
planet	1
dangerously	1
Discussion	1
Creativeness	1
Machine	1
Drawing	1
'Eye	1
framework	1
abuse	1
hoping	1
*	1
obligation	1
satisfactory	1
Uranus	1
manifolds	1
controlling	1
CAN	1
Bus	1
Measuring	1
Controlling	1
Implementation	1
vertical	1
variance	1
hurried	1
Hark	1
,I	1
Benjamin	1
couldrit	1
centered	1
bombarded	1
gangrene	1
susceptible	1
Confidence	1
shattered	1
picking	1
Static	1
merely	1
arguments	1
Shadowed	1
smiles	1
unrevealed	1
circuits	1
Judas	1
betrayed	1
thirty	1
coins	1
considering	1
deeds	1
react	1
doers	1
complexity	1
managedby	1
-understood	1
theirprograms	1
horrific	1
aesthetics	1
encouraged	1
employers	1
expense	1
rumored	1
attempted	1
blackmails	1
Agency	1
Unsuccessfully	1
clouds	1
shining	1
likelihood	1
lashing	1
unexpectedly	1
culturally	1
offence	1
populations	1
Managers	1
CBP	1
unhealthy	1
airliner	1
crash	1
Valley	1
featured	1
valley	1
mountainous	1
prenents	1
distinguishing	1
prepare	1
polypropylene	1
-trypsin	1
Chenshan	1
seagull	1
wing	1
flap	1
sustained	1
ignore	1
deserve	1
savor	1
Gamma	1
terrific	1
mood	1
ruining	1
Miss	1
:Sandy	1
Last	1
synthesize	1
layer	1
intuitive	1
Restaurant	1
Throughout	1
pervading	1
menace	1
identical	1
handler	1
delegate	1
Aids	1
walking	1
destruction	1
curfews	1
occupied	1
Jerusalem	1
globular	1
Lately	1
appeal	1
Whichever	1
loosing	1
appraisal	1
inbound	1
'experience	1
Xi	1
'an	1
talk	1
Companies	1
dilemma	1
undone	1
countless	1
hypothetical	1
prisoners	1
economics	1
siding	1
securities	1
regulator	1
scotched	1
takeover	1
sir	1
Congratulations	1
Todd	1
asia	1
(canada	1
markham	1
chart	1
directorate	1
institute	1
statistics	1
united	1
Those	1
unpopular	1
girls	1
viewed	1
Chaos	1
ensued	1
momentary	1
blessing	1
waters	1
Pacific	1
Ocean	1
beach	1
pointers	1
Captain	1
Prince	1
dope	1
syringe	1
gently	1
ear	1
HIV	1
/AIDS	1
zeal	1
fresh	1
complexion	1
Optimization	1
Slicing	1
STL	1
Rapid	1
Prototyping	1
drawn	1
alongside	1
transformed	1
undervalued	1
challenging	1
standstill	1
billion	1
deploying	1
distort	1
immunomodulatory	1
Jonson	1
splendid	1
upgrade	1
industries	1
relying	1
Isolating	1
dendrocola	1
fungi	1
habitats	1
evenness	1
comparison	1
mice	1
scratch	1
Sendai	1
finland	1
wellbeing	1
miyagi	1
prefecture	1
beside	1
torch	1
52	1
spondylotic	1
radiculopathy	1
acupuncture	1
Melodies	1
refrain	1
Five	1
-west	1
35,000	1
kilometers	1
unnerving	1
irreversibility	1
entropy	1
ferrule	1
flareless	1
fitting	1
optionally	1
pulled	1
assembled	1
torque	1
JESUS	1
CHRIST	1
LORD	1
realise	1
Hygienic	1
drinking	1
headquarter	1
quake	1
friendly	1
caller	1
relates	1
labourer	1
researching	1
Apollo	1
Fool	1
Against	1
organic	1
Autumn	1
Winter	1
sprayed	1
fruitlet	1
enlargement	1
Borrow	1
remainder	1
weekends	1
roped	1
Repeat	1
Steps	1
Settings	1
password	1
delete	1
controlled	1
Dubai	1
utilize	1
obsolete	1
cartoon	1
-animals	1
Ming	1
Long	1
Xin	1
Electronics	1
fries	1
Holland	1
ketchup	1
chuckled	1
softly	1
supervisor	1
weighting	1
(for	1
chess	1
Large	1
amounts	1
rapidity	1
simplicity	1
pendence	1
complicated	1
nuclear	1
weapons	1
Formation	1
malamudstone	1
Lower	1
Cretaceous	1
31	1
Military	1
railways	1
handled	1
laid	1
Declaration	1
Establishment	1
Economic	1
Including	1
Successful	1
Completion	1
Acceptance	1
Tests	1
deficiencies	1
hereof	1
maple	1
illusions	1
nourishment	1
;suckle	1
RESULTS	1
Improved	1
vitro	1
hemolysis	1
compound	1
Shenshao	1
injection	1
stated	1
convoy	1
piracy	1
Design	1
-bar	1
Tens	1
poured	1
prayers	1
shared	1
Actively	1
initiate	1
participate	1
collaborative	1
MDGs	1
bothers	1
Sirians	1
seeded	1
Maanshan	1
Baotou	1
shares	1
Neptunus	1
Bioengineering	1
-valuation	1
WwW	1
zIdiR	1
coM	1
-saving	1
decibel	1
spacer	1
decorations	1
bricks	1
decorative	1
executive	1
visibly	1
thoughtand	1
foe	1
Tokyo	1
Decorations	1
liturgical	1
calendar	1
thus	1
parishioners	1
liturgy	1
lips	1
pursed	1
Olympian	1
gaze	1
stony	1
Watercolour	1
Comparing	1
interventional	1
-invasive	1
-ST	1
elevation	1
Lincoln	1
(to	1
greatest	1
president	1
engineer	1
True	1
patriotism	1
supporting	1
dire	1
Client	1
ensured	1
finished	1
equipped	1
Microgravity	1
Drop	1
Tower	1
Verification	1
Tension	1
Tank	1
--Static	1
Equilibrium	1
Reset	1
Propellant	1
Yours	1
constructor	1
overloads	1
integrates	1
drought	1
-logging	1
Qiqihar	1
ranging	1
shes	1
Reginald	1
eloquently	1
fretting	1
diastematomyelia	1
dont	1
wrapping	1
fold	1
foil	1
.Ade	1
trading	1
wrinkles	1
Experienced	1
engineers	1
towels	1
tap	1
splashes	1
waitin	1
bear	1
sad	1
fought	1
World	1
II	1
Resistance	1
chords	1
emphasize	1
downbeats	1
remarks	1
progress	1
IHD	1
IHP	1
"Meet	1
Wuhan"	1
invitational	1
tournament	1
Specification	1
tensional	1
strapping	1
Cause	1
Im	1
jaded	1
flat	1
stream	1
nozzles	1
airless	1
guns	1
dimensions	1
marking	1
tyranny	1
endures	1
torments	1
willingly	1
Researchers	1
tougher	1
examining	1
portfolios	1
lending	1
surrounded	1
ugly	1
insoluble	1
gunk	1
glassware	1
Rising	1
antivirus	1
monitoring	1
untapped	1
beings	1
dominant	1
batch	1
realtime	1
"Foreign	1
equity	1
investors	1
Strengthens	1
-thought	1
sliver	1
jungle	1
Southeast	1
Asia	1
bureau	1
Search	1
artifacts	1
civilizations	1
None	1
overly	1
fell	1
aesthetic	1
underwater	1
photography	1
Huicheng	1
welder	1
accessory	1
authorised	1
registered	1
11:00	1
roof	1
structurally	1
unsound	1
fooled	1
probable	1
whom	1
rectifying	1
deviaticy	1
headframe	1
Opsin	1
Enterprise	1
Engineer	1
companion	1
Wu	1
-kong	1
travels	1
dazzling	1
profile	1
frank	1
inner	1
Westerners	1
disgusting	1
button	1
authorized	1
track	1
halt	1
pro	1
-Western	1
Egypt	1
Saudi	1
Arabia	1
opponents	1
Syria	1
consequence	1
overexploitation	1
coastal	1
-tuned	1
matches	1
stronger	1
possession	1
auction	1
embodiments	1
understanding	1
penetrative	1
DE	1
-ESCALATION	1
THERAPY	1
logo	1
trademark	1
Inc	1
Whitehouse	1
Station	1
NJ	1
mouse	1
reading	1
Following	1
tendencies	1
ensemble	1
"Pavlovic"	1
dances	1
contingent	1
transcript	1
-place	1
recycling	1
cement	1
stabilizer	1
manufactures	1
prisms	1
lenses	1
Japanese	1
cartoons	1
targeted	1
adolescents	1
dealt	1
themes	1
Karaoke	1
tall	1
Tall	1
depressor	1
victory	1
Istanbul	1
Turkey	1
Shakhtar	1
renamed	1
Europa	1
depreciation	1
Brazilian	1
toddler	1
42	1
needles	1
airlifted	1
surgery	1
cadets	1
rocking	1
checking	1
OCTYLPHENOL	1
NONYLPHENOL	1
AND	1
THEIR	1
ISOMERS	1
SALTS	1
THEREOF	1
Influenced	1
rainfall	1
fluctuation	1
groundwater	1
Basis	1
atopic	1
cataractous	1
lens	1
Applied	1
Silicate	1
Cement	1
Series	1
Slag	1
Ore	1
Tailings	1
Admixture	1
gluten	1
foods	1
shampoos	1
flavorings	1
strange	1
coincidence	1
consist	1
profit	1
-seeking	1
entities	1
maximize	1
profits	1
shareholders	1
Mennella	1
alcoholism	1
intensely	1
tastes	1
counters	1
processor	1
refer	1
Check	1
row	1
Lewis	1
liberal	1
ledge	1
halfway	1
forwording	1
routers	1
Within	1
COSCO	1
shipping	1
Danger	1
remedy	1
www	1
68mn	1
soap	1
linens	1
immaculate	1
Bare	1
meltwater	1
pools	1
mark	1
shrinking	1
Harrison	1
Montana	1
Park	1
density	1
beams	1
rigid	1
particulars	1
Detailed	1
List	1
Bidding	1
Equipments	1
Everybody	1
Tony	1
smart	1
whip	1
bureaucracy	1
usual	1
delay	1
CFG	1
Pile	1
Prototype	1
XuChang	1
Heat	1
Power	1
Whitley	1
enlarged	1
prostate	1
Fund	1
denied	1
mistaken	1
Employees	1
figuratively	1
speaking	1
20	1
igloo	1
-involuntary	1
migrating	1
judged	1
bymigration	1
analyzing	1
-migration	1
myself	1
studio	1
adopt	1
highlighted	1
wider	1
Blood	1
Wedding	1
theatre	1
Shakespeare	1
wondered	1
desert	1
spiders	1
colors	1
deals	1
garage	1
intimately	1
peculiar	1
-quarter	1
indicator	1
hits	1
ocean	1
nerf	1
longevity	1
/mana	1
regen	1
mentioned	1
tier	1
Unsurprisingly	1
pension	1
-insurance	1
tend	1
losers	1
banks	1
retirement	1
shifted	1
uncomfortably	1
perfume	1
lantern	1
bulb	1
prisoner	1
brazen	1
confess	1
drape	1
,of	1
textile	1
Chueh	1
min	1
glazed	1
earthen	1
stools	1
gazed	1
appreciatively	1
plaque	1
Floor	1
6	1
Zunyi	1
Rd	1
Hongqiao	1
Friendship	1
Shopping	1
Mall	1
scenic	1
spots	1
relics	1
imagined	1
Preliminary	1
Vertical	1
Distribution	1
Diurnal	1
Migration	1
Siphonophora	1
Hydromedusae	1
Zhejiang	1
predominance	1
compulsorily	1
resale	1
supplying	1
distributors	1
Photo	1
rolling	1
furthermore	1
coordinate	1
reasoning	1
disappointed	1
dining	1
-hall	1
disturbing	1
outlier	1
footballon	1
Zhou	1
Lijun	1
shy	1
unwilling	1
Menahem	1
Gadi	1
Tirzah	1
smote	1
Shallum	1
Jabesh	1
slew	1
reigned	1
stead	1
refractory	1
slurry	1
freezed	1
-service	1
pronoun	1
dropped	1
neuromuscular	1
skeletal	1
cardio	1
pulmonary	1
opener	1
irrevocable	1
threw	1
Practical	1
Best	1
Choice	1
Practicality	1
"Two	1
Courses"	1
Raymond	1
reputation	1
tomorrow	1
diplomatic	1
guilt	1
dove	1
carrying	1
sword	1
symbolised	1
fro	1
ing	1
settling	1
affairs	1
Oboi	1
fellow	1
conspirators	1
vaccine	1
Away	1
sail	1
swan	1
gone	1
-fishing	1
Wednesday	1
Pyongyang	1
violate	1
resolutions	1
launching	1
rocket	1
Objectively	1
developping	1
curriculum	1
governing	1
previously	1
deduced	1
emotions	1
tender	1
musical	1
potentials	1
nozzle	1
inclusion	1
trace	1
disperse	1
northerly	1
clearly	1
cloudy	1
carriage	1
O	1
'Briens	1
rash	1
networked	1
SAN	1
NAS	1
Convergence	1
names	1
-related	1
traded	1
-House	1
CRIC	1
dipped	1
inflation	1
cousins	1
businessmen	1
OK	1
officially	1
unemployment	1
regime	1
,interest	1
-crises	1
Level	1
Mind	1
contacts	1
instant	1
messages	1
pager	1
matrix	1
repeatability	1
vagaries	1
intrigue	1
concentrated	1
bettering	1
herself	1
awareness	1
PDF	1
format	1
franc	1
Strategy	1
ProfilesTM	1
drivers	1
Assange	1
cancelled	1
Las	1
Vegas	1
Experiment	1
Introducing	1
Cut	1
Flowers	1
wads	1
smoldered	1
rubble	1
Juyuan	1
Middle	1
43	1
hypernatremia	1
craniocerebral	1
retrospectively	1
tropics	1
liliquoi	1
(passionflower	1
fields	1
swarms	1
eruption	1
$3,	1
000.	1
associate	1
pool	1
repast	1
god	1
temples	1
nonvenomous	1
snakes	1
prey	1
crushing	1
coils	1
Commission	1
handlers	1
medically	1
supplies	1
operatives	1
.he	1
import	1
blogged	1
Internet	1
hardness	1
mercury	1
alkaline	1
-manganese	1
dioxide	1
battery	1
spare	1
textbook	1
compulsory	1
definite	1
regulatory	1
accounting	1
pressures	1
forcing	1
weightings	1
(HY	1
zeolite	1
replace	1
Eric	1
hunter	1
lodge	1
Seiko	1
quartz	1
-the	1
-line	1
Rolex	1
clover	1
displayed	1
additives	1
prevention	1
Transitional	1
(TNG	1
resulting	1
Arta	1
Business	1
coaching	1
offers	1
insights	1
Along	1
vigorous	1
etchings	1
oral	1
tra	1
qslator	1
negotiation	1
Tuha	1
Oilfield	1
mid	1
-high	1
"Well	1
Assistant	1
Professor	1
Graduate	1
Library	1
Archival	1
Studies	1
Chengchi	1
Establish	1
reservoirs	1
confirming	1
limiting	1
stagger	1
flood	1
peak	1
maneuverability	1
Participating	1
legal	1
investmentactivities	1
booking	1
recognition	1
reactionaries	1
bee	1
lady	1
protect	1
baby	1
bees	1
varroa	1
mites	1
synthesis	1
tributyl	1
citrate	1
insist	1
Kamran	1
Nawaz	1
Catholic	1
Pope	1
infallible	1
Statutory	1
overtime	1
percent	1
Item	1
Moulded	1
Circuit	1
-Breakers	1
Poles	1
Same	1
Size	1
3C	1
Certification	1
McLean	1
rush	1
pursue	1
Electrospray	1
spectrometry	1
capillary	1
electrospray	1
ionization	1
elevating	1
(removing	1
eyebrow	1
moulding	1
broadcast	1
Sitting	1
insulin	1
linked	1
bowel	1
Automobile	1
ABS	1
Computer	1
Simulation	1
embroidered	1
Violent	1
films	1
contains	1
numerous	1
'advice	1
cooled	1
intentions	1
dielectric	1
circulated	1
metallurgical	1
tale	1
none	1
Impact	1
.2	1
Berthing	1
Dolphin	1
Changjiang	1
Ferry	1
Jingjiang	1
Jiangyin	1
Lu	1
tellers	1
'windows	1
neighbors	1
gunshots	1
resolving	1
BLADDER	1
INFECTION	1
DRINK	1
CRANBERRY	1
JUICE	1
creating	1
elevated	1
approaches	1
punctuated	1
integrity	1
insulation	1
dissipation	1
cracking	1
highlight	1
rhythms	1
slashed	1
percussive	1
soaring	1
atomic	1
oxygen	1
argon	1
-oxygen	1
observe	1
emission	1
meekness	1
commended	1
Luciferase	1
ATP	1
epididymal	1
spermatozoa	1
theorv	1
unfamiliar	1
intimate	1
african	1
religions	1
Tivoli	1
chromatography	1
solute	1
molecules	1
successive	1
adsorptions	1
desorptions	1
chest	1
horn	1
fearlessness	1
emulator	1
Relay	1
Eve	1
Fault	1
predication	1
aviation	1
heath	1
-condition	1
maintenance	1
Overridden	1
Releases	1
unmanaged	1
adaptation	1
risks	1
posed	1
disasters	1
digit	1
baited	1
hook	1
bingo	1
underneath	1
carefree	1
crying	1
vent	1
grievances	1
exact	1
luteal	1
hormone	1
qualified	1
solicitor	1
soccer	1
safely	1
breeder	1
bait	1
scientifically	1
moral	1
focuses	1
instilling	1
till	1
throat	1
Santa	1
Cruz	1
Bay	1
Area	1
reactor	1
radioactive	1
steam	1
containment	1
Inherent	1
safer	1
precedence	1
invalidation	1
facility	1
Designs	1
myriad	1
colours	1
Facilities	1
Plan	1
welfare	1
revision	1
lymphoedema	1
limb	1
subsided	1
softening	1
singer	1
Maxine	1
Standardisation	1
packaging	1
participants	1
respectively	1
immeasurable	1
Law	1
node	1
migrate	1
drones	1
accordion	1
Nowadays	1
snowy	1
hill	1
snowstorm	1
Baroness	1
speculative	1
flim	1
-y	1
"gloss"	1
Enough	1
drama	1
-definition	1
disc	1
consumer	1
attempts	1
unsuccessful	1
breaketh	1
respects	1
kindness	1
unnoticed	1
Folklore	1
Thinking	1
inspiration	1
stems	1
moderate	1
alcohol	1
proposal	1
hardly	1
guess	1
partnership	1
pounds	1
"My	1
strongly	1
rest	1
overtaken	1
Wei	1
Zhiwei	1
embrace	1
Free	1
Trade	1
jobs	1
Specifications	1
generating	1
automat	1
Loud	1
Sigh	1
-verbal	1
misunderstood	1
washed	1
Whenever	1
met	1
eldest	1
,who	1
,used	1
quarrel	1
heir	1
valuable	1
regain	1
sovereignty	1
Illinois	1
Extension	1
cabbage	1
transplanted	1
bare	1
-root	1
packs	1
encapsulate	1
stateful	1
components	1
commerce	1
Names	1
rows	1
deleted	1
favorable	1
Failure	1
Domain	1
expiration	1
cancellation	1
locate	1
band	1
outlaws	1
raided	1
,until	1
border	1
antisocial	1
maverick	1
physician	1
unconventional	1
flawless	1
instincts	1
afforded	1
communal	1
Compression	1
bike	1
plushness	1
stiffness	1
compression	1
determines	1
bump	1
radar	1
suspects	1
surrendered	1
10	1
treated	1
leniently	1
Mrs	1
template	1
visual	1
corrective	1
yields	1
Merit	1
hears	1
shouted	1
sinking	1
SUPPOSEDLY	1
IMPOSSIBLE	1
SHE	1
DOESNT	1
RELY	1
ON	1
THEORY	1
ALONE	1
WEATHER	1
graduate	1
Concept	1
morphology	1
granulation	1
panorama	1
Southern	1
talents	1
majoring	1
Reliability	1
patted	1
pocket	1
--the	1
finally	1
finding	1
forming	1
longtime	1
imperceptible	1
edification	1
permeation	1
Zen	1
intuition	1
hampered	1
philosophical	1
teachings	1
viruses	1
faithful	1
Candidates	1
across	1
unprepared	1
unengaged	1
arranging	1
cooked	1
utmost	1
Mechanical	1
Plasmapheresis	1
Tubing	1
Bag	1
specify	1
sediments	1
Lake	1
Sugan	1
Qaidam	1
Basin	1
preliminary	1
elemental	1
tracers	1
charity	1
ate	1
avidity	1
Voice	1
communications	1
restricted	1
added	1
geography	1
abounds	1
Josie	1
sitting	1
varnishing	1
nails	1
quarterback	1
secular	1
Ayad	1
Allawi	1
chances	1
-invasion	1
prime	1
minister	1
comeback	1
Though	1
sizzle	1
fan	1
Star	1
Game	1
honored	1
coaches	1
sixth	1
consecutive	1
pitiful	1
workshop	1
hindrance	1
modeling	1
definitely	1
conceit	1
attempting	1
corporation	1
lectures	1
exercises	1
-one	1
regularity	1
wear	1
founded	1
treads	1
Seven	1
loads	1
Seek	1
nutritionist	1
dietitian	1
Provincial	1
rejected	1
submitted	1
defence	1
postpone	1
witness	1
psychiatrist	1
bulimia	1
borderline	1
marvels	1
computers	1
signed	1
extends	1
-sex	1
hostility	1
Straits	1
ended	1
Hyun	1
someday	1
Transformation	1
Properties	1
Gaussion	1
Schell	1
pity	1
bothered	1
boundaries	1
enlarge	1
rhinitis	1
tympanitis	1
preponderance	1
germans	1
mediterranean	1
Fancy	1
nosh	1
strengthened	1
inhabitants	1
expanse	1
nasty	1
blackmailer	1
truth	1
hawthorn	1
lemon	1
lookout	1
Deals	1
photoelastic	1
validity	1
-matching	1
degraded	1
presence	1
clutter	1
variation	1
occlusion	1
argues	1
pristine	1
tropical	1
jewel	1
Rose	1
Island	1
assessment	1
advertised	1
withdraw	1
Portsmouth	1
inclined	1
shaft	1
width	1
height	1
impressive	1
conveyed	1
reception	1
formats	1
Vernon	1
zhong	1
wu	1
renyao	1
rung	1
posting	1
forums	1
/or	1
newsgroups	1
administrator	1
safeguard	1
Airscape	1
-wheel	1
brother	1
soldier	1
Sorting	1
Hat	1
GF	1
12)	1
Salazar	1
Slytherin	1
fen	1
suggesting	1
Los	1
Faldones	1
Equestrian	1
Spain	1
finality	1
enjoyment	1
equestrian	1
quarrelling	1
jealousy	1
Cardiomyopathy	1
Bachelor	1
Cryogenic	1
Trina	1
Yingli	1
panels	1
Seventh	1
Programme	1
raising	1
bayou	1
Disea	1
se	1
monitory	1
standardization	1
adjusted	1
,we	1
monitored	1
Disease	1
Gansu	1
(by	1
existence	1
state"	1
Heidegger	1
Contributions	1
advisory	1
recommendations	1
Member	1
productivity	1
effectiveness	1
teamwork	1
returns	1
belated	1
Madeira	1
Mail	1
Wind	1
Vector	1
Measured	1
Satellite	1
scatterometer	1
-ship	1
Missile	1
footballer	1
sportsman	1
spotlight	1
Provides	1
Front	1
-defined	1
thereby	1
redefining	1
orthographic	1
isometric	1
grant	1
throne	1
Areva	1
railway	1
traction	1
substation	1
Jacob	1
eleven	1
sons	1
Laban	1
Paddan	1
Aram	1
eg	1
Euphrates	1
blogs	1
Aunt	1
Lili	1
Mums	1
picked	1
berries	1
WC	1
Pushing	1
bench	1
pipe	1
mills	1
equationexpressing	1
sinkage	1
Goverments	1
evils	1
smoking	1
bus	1
maximum	1
flexibility	1
environments	1
gathered	1
homemade	1
wine	1
Wash	1
fore	1
attendant	1
reduces	1
malunion	1
Orleans	1
Learn	1
bake	1
oven	1
slice	1
Italian	1
drummed	1
Later	1
mom	1
pointed	1
illegal	1
Try	1
disappointment	1
amends	1
luxury	1
recovery	1
phenomenon	1
flesn	1
phenols	1
graduated	1
hopelessly	1
unrealistic	1
piracetam	1
intracranial	1
(ICP	1
rabbits	1
observed	1
lateral	1
ventricle	1
cannulaticn	1
Bundle	1
sluggish	1
intermittence	1
reporters	1
stove	1
m	1
coffee	1
boils	1
Forming	1
particular	1
waves	1
simulate	1
-frequency	1
motions	1
maintain	1
equatorial	1
Taurus	1
Tauruses	1
novel	1
recursive	1
pseudo	1
-modal	1
identification	1
-varying	1
approximation	1
tracking	1
"Old"	1
-escalation	1
clauses	1
tie	1
Me	1
Post	1
-stressed	1
Concrete	1
Simply	1
-supported	1
Box	1
farmer	1
Behavior	1
7.	1
Corrugated	1
Tile	1
Galvanized	1
arranged	1
Underline	1
noting	1
Revise	1
fingers	1
Special	1
needle	1
Anyone	1
convicted	1
pixel	1
switching	1
Molly	1
Jensen	1
knitting	1
loop	1
buffering	1
fetching	1
here,	1
Dormouse	1
client	1
firepower	1
preach	1
acceptable	1
Lord	1
sin	1
soul	1
confession	1
Will	1
turnip	1
radish	1
confrontations	1
wars	1
conflicts	1
tragic	1
repercussions	1
constitute	1
page	1
crossed	1
revive	1
balanced	1
California	1
sometime	1
intensive	1
competitive	1
neutralization	1
hydroxide	1
phosphoric	1
phosphate	1
looming	1
contributing	1
Subprojects	1
involving	1
automated	1
shut	1
gaining	1
mend	1
wouldn	1
toil	1
lookandat	1
vitamin	1
D	1
Durst	1
FAO	1
insects	1
accepted	1
decline	1
convenient	1
remaining	1
strands	1
mustache	1
retain	1
fortune	1
shaved	1
Armstrong	1
Aldrin	1
-hour	1
Dysarthric	1
intelligible	1
listeners	1
familiar	1
speaker	1
creates	1
erotic	1
curiosity	1
Cancer	1
insecure	1
pities	1
glorious	1
although	1
limitation	1
ingredient	1
affirmative	1
overhaul	1
recommitment	1
allies	1
stabilising	1
overdue	1
deployment	1
troops	1
Koreans	1
Lyle	1
text	1
separates	1
expatiated	1
foreground	1
Dogs	1
offering	1
Al	1
-Maliki	1
tackle	1
drunk	1
TMA	1
Bearings	1
Line	1
Doppler	1
Shift	1
Connie	1
innate	1
-compatible	1
agency	1
slake	1
anger	1
Indeed	1
overpay	1
excess	1
savings	1
Churkin	1
resolution	1
"domestic	1
considerations"	1
owe	1
forthat	1
gratitude	1
goal	1
acquire	1
H	1
V	1
parahaemolyticus	1
serum	1
speakers	1
ratify	1
universal	1
instruments	1
terrorism	1
incorporate	1
conventions	1
legislation	1
Housing	1
caved	1
collapsing	1
Sanya	1
Zhengzhou	1
microsurgical	1
sellar	1
tumors	1
pterional	1
fails	1
dense	1
ill	1
-conditioned	1
situations	1
prize	1
Jinzhai	1
alleviate	1
poverty	1
prosperity	1
steer	1
damaged	1
injured	1
suggest	1
pubic	1
Sportswear	1
era	1
Super	1
Automatics	1
pull	1
shot	1
Scientific	1
proves	1
smile	1
conjure	1
desire	1
smiling	1
cheep	1
Self	1
-esteem	1
fortitude	1
sharpen	1
clutches	1
drilling	1
Vietnam	1
fired	1
artillery	1
rounds	1
coast	1
naval	1
drills	1
sends	1
drill	1
mile	1
strains	1
bonding	1
specimen	1
hyperbolic	1
Marvelous	1
sanctification	1
Tsai	1
mild	1
soothing	1
aroma	1
cup	1
nostrils	1
Romney	1
orthodoxy	1
sincerity	1
principal	1
proceedings	1
Shanxi	1
expounds	1
Quickening	1
realizing	1
affluent	1
broad	1
mystery	1
subjects	1
declaration	1
indigenous	1
Quotas	1
pad	1
boards	1
token	1
-executive	1
directors	1
allocate	1
merit	1
Secondly	1
MEI	1
Han	1
leg	1
advantageous	1
prompt	1
gravity	1
anonymity	1
whistleblowers	1
confessionals	1
dating	1
personals	1
collect	1
corrections	1
vending	1
downplay	1
April	1
upheaval	1
-rises	1
Exports	1
halved	1
February	1
sensuous	1
ecstasy	1
politicians	1
cult	1
grown	1
explain	1
VC	1
bleached	1
empirical	1
consistent	1
-relevance	1
intangible	1
InRussia	1
Mikhail	1
Khodorkovsky	1
Yukos	1
andavowed	1
Vladimir	1
Putin	1
Disney	1
woes	1
troubling	1
animator	1
strike	1
smallest	1
religion	1
-going	1
ships	1
administrators	1
scratched	1
sculpt	1
diaphanous	1
refuel	1
Geneva	1
meat	1
fridge	1
phasometer	1
phasing	1
crazy	1
Environment	1
Sustainable	1
Development	1
halogenated	1
paraffins	1
withstand	1
round	1
shocks	1
Whatever	1
befall	1
Message	1
exploded	1
dissemination	1
reformation	1
"four	1
difficulties"	1
Strengthen	1
macroscopic	1
standardizing	1
normally	1
systemic	1
coordinately	1
Chief	1
sued	1
lawful	1
reasonableness	1
vaguely	1
recall	1
counting	1
banked	1
Sir	1
Henry	1
murdered	1
Fireman	1
thank	1
waiter	1
presidents	1
grain	1
composite	1
bulk	1
-density	1
drainage	1
hygienic	1
accessed	1
minimization	1
radwastes	1
-developed	1
authentication	1
rendering	1
Above	1
commonness	1
essence	1
branding	1
depend	1
exchanger	1
owing	1
evaporation	1
-condensation	1
cooling	1
medium	1
seals	1
orthogonal	1
atmosphere	1
nucleation	1
gloss	1
glazes	1
ferric	1
winch	1
hoist	1
acidity	1
Daqu	1
fermentation	1
noon	1
sing	1
pictures	1
joy	1
mage	1
mystically	1
decay	1
NO	1
incidence	1
GVD	1
dosage	1
aluminum	1
offender	1
consult	1
influenza	1
vaccination	1
Extensive	1
coverage	1
decomposition	1
convergence	1
expedited	1
entrepreneurs	1
resolve	1
collector	1
extensive	1
precious	1
collections	1
styles	1
families	1
velocity	1
Police	1
continued	1
hasten	1
evacuation	1
spark	1
plug	1
disclosed	1
aforementioned	1
stones	1
Central	1
Blast	1
Rights	1
trust	1
Qiketai	1
lithic	1
sandstone	1
lithologic	1
knowing	1
Frannie	1
basket	1
bets	1
bags	1
trump	1
shortage	1
ore	1
protruding	1
overlap	1
'An	1
screwing	1
seed	1
traders	1
Problem	1
untouched	1
positively	1
precedes	1
lethal	1
hark	1
Selected	1
OSD	1
menu	1
Number	1
Progresses	1
epoxide	1
hydrolase	1
reconstructing	1
-respect	1
spiritual	1
socialized	1
Fujian	1
reforms	1
references	1
technician	1
romance	1
anther	1
Internal	1
ethics	1
attach	1
situ	1
covering	1
toenail	1
repairing	1
toe	1
hyponychium	1
Simplification	1
complication	1
--Analysis	1
Dunhuang	1
caisson	1
,@	1
Ted	1
angrily	1
Success	1
ineludible	1
suspicion	1
topology	1
logics	1
adding	1
axiom	1
sequences	1
pathogenesis	1
ectopic	1
pregnancy	1
analysing	1
hundred	1
petroleum	1
crisis	1
Paying	1
debts	1
drops	1
rating	1
Texas	1
negotiate	1
Comanche	1
Single	1
chimera	1
fuchsia	1
pink	1
stripe	1
rescission	1
contracts	1
Brazil	1
Choose	1
-clad	1
houses	1
-alone	1
Olive	1
Apartment	1
(which	1
-catering	1
tunnel	1
combined	1
precast	1
concretedry	1
ensuing	1
mayhem	1
Cusack	1
writer	1
Alex	1
Deane	1
Big	1
Brother	1
Watch	1
AM	1
Surprise	1
psyched	1
calculates	1
Listen	1
Spirit	1
-member	1
intrinsically	1
variable	1
passing	1
Games	1
Ad	1
hoc	1
Transit	1
-Transport	1
infrastructures	1
Land	1
-locked	1
facts	1
corroborated	1
Build	1
polyurethane	1
systematically	1
imagine	1
seasonal	1
clearer	1
positioning	1
shifting	1
oriented	1
diathesis	1
Rich	1
conviction	1
chastity	1
epidermis	1
testa	1
nipple	1
thick	1
---	1
crabbing	1
7	1
interminable	1
sprawling	1
spider	1
belong	1
exploration	1
settle	1
church	1
-dumping	1
exports	1
gravest	1
pastor	1
tearfully	1
Standing	1
forum	1
Events	1
Way	1
Coping	1
Support	1
Subjective	1
Impoverished	1
Students	1
reservations	1
barely	1
ascent	1
Rem	1
contacted	1
Caught	1
maelstrom	1
degrees	1
centigrade	1
Yao	1
calculate	1
moon	1
Weight	1
coefficient	1
librarians	1
embargo	1
sanctions	1
Susan	1
:So	1
unbrella	1
Thursday	1
wind	1
hearing	1
Vipassana	1
cessation	1
accumulations	1
defilements	1
heaven	1
narrative	1
Given	1
IAAC	1
charged	1
reviewing	1
qualifications	1
reflect	1
LL	1
releasers	1
corresponding	1
grappled	1
belt	1
brake	1
pumped	1
accelerator	1
lesion	1
tuberculosis	1
fewer	1
household	1
concentrate	1
audio	1
blogging	1
-specific	1
Laccase	1
Conditions	1
Lignosulphonate	1
Shearing	1
Strength	1
Plywood	1
Battle	1
net	1
devoted	1
evolving	1
cater	1
scattering	1
feasible	1
-moving	1
machinery	1
Hydraulic	1
excavators	1
backhoe	1
loaders	1
grandstand	1
seats	1
concert	1
Gene	1
Differential	1
Expression	1
Roots	1
Leaves	1
Hybrid	1
CRI	1
47	1
Seedling	1
Stage	1
Fortunate	1
reconsidering	1
unfortunate	1
Pakistan	1
Tehreek	1
-e	1
-Insaf	1
(Movement	1
Justice)	1
lovers	1
-swaged	1
joining	1
rebars	1
requests	1
guests	1
11:	1
00pm	1
inquires	1
aspects	1
iced	1
cake	1
fairyland	1
odors	1
sackcloth	1
Ohio	1
Fed	1
doubled	1
reserve	1
Rui	1
Ruitian	1
Autocycle	1
Parts	1
conversation	1
Thrawn	1
secure	1
caches	1
cloned	1
emerges	1
springs	1
,he	1
blundered	1
super	1
policeman	1
middleman	1
SSP	1
producer	1
Test	1
XML	1
discourages	1
watching	1
babies	1
2.	1
forgiving	1
Mural	1
Ameloblastoma	1
Soft	1
Tissue	1
Palate	1
dawn	1
Terrific	1
Opinion	1
poll	1
butter	1
margarine	1
Paris	1
natives	1
Bao	1
Xishun	1
claim	1
tallest	1
daddy	1
provinces	1
proclaimed	1
Secret	1
Societies	1
disturbed	1
Bryant	1
veteran	1
teammates	1
panic	1
surge	1
youngest	1
NBA	1
Oklahoma	1
postseason	1
appearance	1
Harry	1
Responsible	1
fax	1
copy	1
sending	1
distributing	1
/parcel	1
tolerated	1
Hung	1
-chien	1
spouted	1
nonsense	1
eluent	1
methylene	1
dichloride	1
aborad	1
protective	1
microemulsified	1
reviewed	1
undoing	1
needful	1
difficulty	1
Joining	1
WTO	1
Healthily	1
Financial	1
Field	1
footpath	1
skirts	1
preparat	1
ion	1
magnesium	1
nietal	1
magnesiumalloys	1
waste	1
resulted	1
chloridization	1
Panzihtia	1
titaniumslag	1
barbarian	1
Horse	1
regretful	1
Ukraine	1
Resilient	1
fill	1
astonishment	1
perplexity	1
confound	1
obtaining	1
absolute	1
multiplied	1
populous	1
upscaled	1
replicated	1
premium	1
illusion	1
revolvers	1
rivers	1
-mentioned	1
theunderstanding	1
stimulates	1
innermost	1
sentiment	1
,displays	1
physique	1
Worse	1
fodder	1
objection	1
Things	1
Air	1
Transport	1
tells	1
map	1
editing	1
2D	1
sketches	1
Calphalon	1
Tri	1
-ply	1
Copper	1
cookware	1
crafted	1
-each	1
bales	1
glory	1
pride	1
Biaoyuan	1
poet	1
theorist	1
Song	1
Dynasties	1
Grace	1
grace	1
wipe	1
solidification	1
tipping	1
obstacles	1
discussing	1
Leopold	1
tricks	1
applicants	1
hurdle	1
contagion	1
mercy	1
exceptions	1
rocks	1
checked	1
integrator	1
-weighing	1
installed	1
conveyor	1
angel	1
beforehand	1
presage	1
Berlioz	1
founder	1
proscribed	1
Except	1
--who	1
--that	1
authentic	1
selves	1
fantastic	1
Write	1
twelve	1
stably	1
rudiment	1
vehicles	1
9:	1
02	1
Edie	1
calling	1
humiliating	1
completes	1
portal	1
consolidates	1
Needless	1
Swazi	1
king	1
Visualization	1
integration	1
mining	1
visualization	1
jump	1
restriction	1
lonely	1
despair	1
classified	1
recombined	1
arrange	1
alphabetical	1
stolon	1
rhizome	1
surgical	1
mortality	1
zero	1
Antibacterial	1
ethyl	1
acetate	1
n	1
-butanol	1
lye	1
cow	1
dung	1
Outside	1
automaker	1
India	1
Eastern	1
options	1
Ernest	1
Silent	1
Venus	1
rigorous	1
closing	1
incinerators	1
comply	1
dioxin	1
emissions	1
Amy	1
Sure	1
Re	1
-evaluation	1
agglutination	1
-schistosome	1
antibody	1
covalently	1
-egg	1
antigen	1
sensitive	1
[	1
00:	1
07	1
24]A	1
thirteen	1
superstitious	1
Jiang	1
Jieshi	1
Jitao	1
democratic	1
contributed	1
bourgeois	1
gayand	1
nomination	1
dad	1
purchases	1
intended	1
hurled	1
tonnes	1
ripe	1
tomatoes	1
wednesday	1
annual	1
eastern	1
spanish	1
bunol	1
covered	1
pulp	1
wonder	1
rat	1
centrifuge	1
efficiently	1
diagnostic	1
EEG	1
Gilles	1
Tourette	1
Assuming	1
composites	1
homogeneous	1
macrostructure	1
representative	1
(RVU	1
stitch	1
repeat	1
resin	1
setup	1
Current	1
predicament	1
Northeastern	1
ASAP	1
succeeded	1
baffling	1
METHODS	1
:The	1
gelatinizer	1
ephedrine	1
antiasthmatic	1
therapeatic	1
drug	1
Gaea	1
expecting	1
ghost	1
Sparta	1
Digital	1
watermarking	1
hotspots	1
5%	1
competitors	1
loopholes	1
clause	1
forced	1
seizures	1
unable	1
stooped	1
relation	1
Pyrrhocorax	1
pyrrhocorax	1
retrieving	1
Google	1
focused	1
-end	1
cox	1
encourage	1
oar	1
acupoint	1
rapidly	1
continually	1
alternates	1
adhesive	1
ink	1
dusted	1
bronzing	1
People	1
conveniently	1
reckon	1
constant	1
induced	1
Hukou	1
labor	1
preceding	1
dialog	1
Specific	1
tariffs	1
levied	1
fixed	1
imported	1
Hetty	1
Puzzle	1
Magic	1
ZEN	1
relaxing	1
puzzle	1
pleasure	1
Postseismic	1
viscoelastic	1
-gravitational	1
computations	1
elementary	1
advocate	1
overall	1
Levi	1
Diringer	1
Copenhagen	1
treaty	1
Past	1
winners	1
novelists	1
William	1
Alice	1
Walker	1
poets	1
Elizabeth	1
Bishop	1
Levine	1
Carry	1
trades	1
involve	1
yielding	1
currencies	1
yen	1
Australian	1
Zealand	1
Principles	1
Industrial	1
Hygiene	1
occupational	1
paintings	1
Padua	1
softer	1
modelled	1
cooperate	1
lasting	1
Users	1
pick	1
phenolics	1
phenolic	1
aglycones	1
simulated	1
PC	1
-proving	1
bullet	1
luxuries	1
contravene	1
novels	1
1990s	1
faithfully	1
Father	1
Sam	1
generals	1
facing	1
destined	1
villagers	1
bored	1
carpet	1
-game	1
overwhelming	1
girlfriend	1
boyfriend	1
representations	1
encoding	1
Westons	1
Churchill	1
attentions	1
abhor	1
cruelty	1
renal	1
vein	1
entrapment	1
occurs	1
standby	1
failed	1
moonlight	1
fire	1
qualitative	1
behaviour	1
Supply	1
Chain	1
Purchasing	1
Mode	1
JIT	1
Asking	1
kid	1
appraisals	1
aligned	1
l	1
million	1
supposed	1
Local	1
Cable	1
News	1
died	1
liver	1
Mary	1
understood	1
alternative	1
context	1
autonomy	1
hose	1
Oxfam	1
sells	1
catalogue	1
Shenzhen	1
Place	1
ID	1
ringing	1
harassing	1
Goodbye	1
controller	1
stimulation	1
powers	1
himself	1
Unseen	1
Powers	1
frontier	1
skilled	1
prognostication	1
barbarians	1
consoled	1
mustered	1
clan	1
chiefs	1
participant	1
unfair	1
functional	1
nationality	1
abolished	1
integrand	1
impedance	1
-cored	1
coil	1
limits	1
-contained	1
watched	1
Apache	1
crew	1
footage	1
intracavitary	1
x	1
-ray	1
Scientists	1
erase	1
erasing	1
touching	1
-chip	1
serial	1
respond	1
orders	1
Saving	1
agricultural	1
shortages	1
Taige	1
-profile	1
culprits	1
corruption	1
tough	1
392	1
warehousing	1
depositor	1
holder	1
retrieve	1
presenting	1
warehouser	1
Linton	1
Giving	1
deformed	1
Bureau	1
update	1
UNHCR	1
involvement	1
-agency	1
contingency	1
ridiculous	1
farce	1
portable	1
screening	1
thermopiles	1
telling	1
elderly	1
Had	1
Porcelain	1
-lubricating	1
wearing	1
-milling	1
milling	1
stilln	1
Half	1
tannoy	1
Bless	1
Grope	1
Perfecting	1
Education	1
Cultivating	1
Advancing	1
Ability	1
Student	1
Poplars	1
(Populus	1
deciduous	1
poplars	1
Consider	1
postponing	1
Refinement	1
Libido	1
Kunqu	1
Opera	1
Esthetics	1
Characteristic	1
Lascivious	1
Conation	1
checklist	1
medication	1
validated	1
impulse	1
satisfaction	1
moreover	1
subjective	1
notebook	1
flipped	1
pages	1
Define	1
bowl	1
beautifully	1
painted	1
Schools	1
acculturate	1
generation	1
immigrants	1
Fall	1
-operation	1
approximately	1
occiput	1
Salbes	1
mineral	1
mandible	1
cheek	1
Home	1
category	1
granite	1
marble	1
countertops	1
sincere	1
burny	1
videos	1
Russian	1
Dmitri	1
Medvedev	1
greet	1
Guide	1
Consumption	1
--A	1
Entrepreneurs	1
Innovation	1
Advertising	1
buzzy	1
survival	1
nitrite	1
bacteria	1
CK	1
-over	1
disfigurement	1
Crack	1
15	1
coupler	1
summarizes	1
nucleoside	1
compounds	1
Containers	1
manufactured	1
specifications	1
Donghai	1
Bridge	1
island	1
locations	1
geologic	1
implementation	1
lives	1
Shinji	1
numerical	1
demonstrates	1
deformation	1
cultivate	1
hero	1
fisherman	1
exaggerated	1
Shamans	1
holy	1
civilization	1
hospital	1
substructures	1
formulated	1
constraints	1
stared	1
stupidly	1
Trichoderma	1
sp	1
hyphal	1
fungal	1
pathogens	1
Sleep	1
admit	1
Unbeknownst	1
arrangements	1
Find	1
weighted	1
theand	1
organizers	1
attendees	1
-glass	1
-if	1
exhibit	1
Hollywood	1
movies	1
Dancers	1
Moscow	1
nightclub	1
(1993)	1
Automatically	1
keyring	1
log	1
porcelain	1
steppe	1
grasslands	1
northern	1
Silk	1
Road	1
predicfive	1
conception	1
predictive	1
interception	1
attributes	1
carving	1
Powder	1
bend	1
Skis	1
assure	1
Iawful	1
forensic	1
nautical	1
piecewise	1
-linear	1
collection	1
-aligning	1
pulling	1
cupboards	1
-evaluating	1
neatly	1
judgments	1
engulfed	1
Grab	1
magazines	1
flip	1
receiver	1
Relevant	1
Omnidirectional	1
Lamps	1
dedicated	1
conferencing	1
impetuous	1
anxiety	1
static	1
-Department	1
lotus	1
narcissism	1
Rest	1
assured	1
misbehavour	1
unpunished	1
servants	1
Keywords	1
;quality	1
;supervisal	1
;control	1
.I	1
Laws	1
'and	1
'specific	1
recover	1
arrears	1
risen	1
marketable	1
collaborations	1
Training	1
Vaccines	1
pharmaceutical	1
Princess	1
stretched	1
crack	1
crystal	1
begin	1
avoiding	1
Sturm	1
Graz	1
postponed	1
motivated	1
(s	1
locally	1
tablespace	1
R	1
(after	1
announcing	1
visitor	1
guest	1
Thank	1
reviews	1
peripheral	1
Topics	1
grafting	1
neurotrophic	1
sine	1
qua	1
Mencius	1
Aristotle	1
converge	1
essentially	1
Tin	1
Hau	1
Temple	1
destination	1
occurring	1
identifies	1
hoisted	1
useless	1
cloth	1
Active	1
immunization	1
Influence	1
continents	1
legs	1
unscrewing	1
prone	1
blockages	1
Xiangzi	1
yard	1
rooms	1
heater	1
thermoregulation	1
verified	1
theoretical	1
attachment	1
evolution	1
lifetime	1
conservative	1
Astronomers	1
farther	1
orbits	1
impart	1
Whether	1
Week	1
View	1
Premier	1
strongest	1
leagues	1
crazed	1
Town	1
zones	1
microcosmic	1
bases	1
Nitrate	1
facultative	1
organisms	1
anoxic	1
recognized	1
brains	1
minds	1
mundane	1
immediately	1
sprout	1
plowed	1
naked	1
aggressive	1
arriving	1
mix	1
pursuing	1
microcosm	1
Human	1
cognitive	1
forerunner	1
advancement	1
Board	1
autonomous	1
Services	1
hysterics	1
Crop	1
Beautiful	1
Install	1
MSDE	1
Investors	1
averse	1
risky	1
emerging	1
-market	1
willingness	1
expatriate	1
Konopaske	1
Robert	1
Werner	1
Steve	1
undermined	1
spent	1
constantly	1
remind	1
Isaacson	1
biography	1
suggests	1
tweaker	1
Bring	1
beans	1
boil	1
scum	1
spoon	1
Jordan	1
Barry	1
returned	1
suspended	1
banned	1
premises	1
unauthorized	1
newspaper	1
Croat	1
Balkan	1
Sarajevo	1
tendency	1
compulsive	1
polyphenols	1
magnetic	1
albumin	1
microspheres	1
arterial	1
embolization	1
formulation	1
relations	1
Belief	1
Partnerships	1
originated	1
tapping	1
dynamism	1
amplitude	1
signals	1
joints	1
orbital	1
sphenoidal	1
rookie	1
Russell	1
Westbrook	1
sleeper	1
variability	1
CHD	1
accession	1
Gifted	1
practising	1
piano	1
pianist	1
Speak	1
forever	1
Olympics	1
Before	1
explaining	1
saddened	1
solemn	1
momentous	1
Diminishing	1
consequences	1
believes	1
gossip	1
assume	1
expeditiously	1
schedule	1
backup	1
stops	1
reckoned	1
serviceable	1
timber	1
epoxy	1
abrasion	1
erosion	1
slots	1
ports	1
summation	1
anatomic	1
procedural	1
variables	1
revascularization	1
motivations	1
driving	1
odd	1
Health	1
carelessness	1
examination	1
Amanda	1
guy	1
batteries	1
Feng	1
Fourth	1
visa	1
inspects	1
flaws	1
understandable	1
superheroes	1
wedding	1
workflow	1
Heliopolis	1
substitute	1
Beacon	1
Your	1
husbandry	1
regions	1
livestocks	1
possessed	1
characterisics	1
thresholded	1
illumination	1
invariant	1
shots	1
approaching	1
century	1
evolved	1
Falconry	1
centuries	1
medieval	1
alternatives	1
Than	1
prison	1
guard	1
vexed	1
bonuses	1
revisited	1
noumenon	1
Jiuye	1
purified	1
distiued	1
philosophy	1
Tray	1
Commander	1
launcher	1
frequently	1
commands	1
tray	1
Prisons	1
wales	1
Bragg	1
masks	1
listing	1
tiered	1
Gets	1
sell	1
Xabi	1
Alonso	1
Real	1
Madrid	1
Rafa	1
Benitez	1
Silva	1
Transactions	1
records	1
updated	1
simultaneously	1
characterized	1
consisting	1
syllables	1
hate	1
handle	1
pasta	1
enforced	1
singledom	1
Integrated	1
Rectification	1
Chemical	1
Process	1
Operation	1
Reform	1
slipped	1
rear	1
unsteady	1
wears	1
coat	1
wool	1
scarf	1
mitts	1
hands	1
talking	1
hardy	1
popping	1
spring	1
storing	1
dryish	1
pots	1
publication	1
retained	1
stores	1
Programming	1
assignments	1
multiprocessors	1
exceeding	1
entered	1
converted	1
superb	1
analysts	1
dictator	1
footprints	1
Poldek	1
Bortnik	1
serves	1
fault	1
plus	1
Democrats	1
gazing	1
harsh	1
scanty	1
vegetation	1
-top	1
grateful	1
billing	1
-cents	1
cents	1
Applications	1
enantiomers	1
CMPs	1
CLEC	1
tangential	1
agenda	1
L	1
Word	1
fundraising	1
tapas	1
clamp	1
pliers	1
carbon	1
supplied	1
Longte	1
lamps	1
assurance	1
leakproofness	1
fastening	1
clamps	1
protein	1
sink	1
-limiting	1
-reducing	1
invariability	1
economical	1
Davis	1
Cup	1
Bojili	1
Irrigation	1
District	1
(BID	1
crop	1
irrigation	1
scheduling	1
masterpiece	1
electrifying	1
nonlinear	1
-delay	1
Heron	1
assistance	1
approvals	1
reimbursement	1
proximity	1
fuze	1
advances	1
stealth	1
,and	1
colleague	1
eat	1
recalls	1
ostracized	1
split	1
obvious	1
relax	1
CWIs	1
municipalities	1
implementing	1
-a	1
-lifetime	1
stating	1
durable	1
vibration	1
CAPT	1
Record	1
Approved	1
Cargo	1
Ship	1
Equipment	1
prove	1
benchmark	1
heuristic	1
Depositary	1
Supervisory	1
Authority	1
functioning	1
miracles	1
Mom	1
freeze	1
-dry	1
(blood	1
accidental	1
Cold	1
loops	1
employed	1
volumes	1
buffer	1
preparation	1
outdoor	1
renovation	1
Renin	1
angiotensin	1
endocrine	1
predispose	1
diabetic	1
nephropathy	1
cilia	1
Xiu	1
childe	1
clothes	1
Preserving	1
investments	1
aimed	1
preschools	1
segregated	1
organophosphorus	1
pesticide	1
poisoning	1
abreast	1
Nanjing	1
Lees	1
Communication	1
handsome	1
homosexuality	1
X	1
Subject	1
GNSS	1
Marriage	1
mars	1
100	1
Terry	1
denies	1
Chelsea	1
villages	1
corridor	1
11	1
microchip	1
mounted	1
slide	1
pathology	1
,"	1
Milo	1
Pressman	1
-Sponsor	1
Cooperation	1
Philosophical	1
KR	1
Anywhere	1
13	1
14	1
teasing	1
boys	1
dividend	1
reaped	1
Stein	1
Riesling	1
austere	1
elegance	1
-era	1
illustrates	1
obtains	1
compounding	1
Wheelie	1
bins	1
tricycles	1
replaced	1
zippy	1
carts	1
.The	1
declined	1
coalition	1
Strategic	1
utilized	1
privilege	1
-collar	1
(4)	1
corrosion	1
Identify	1
GPS	1
harness	1
gearbox	1
ending	1
connectors	1
subframe	1
rail	1
disconnect	1
-plug	1
Previously	1
doses	1
imitation	1
prune	1
plum	1
promptly	1
Marked	1
tranquillo	1
expressive	1
songful	1
tune	1
romantic	1
longing	1
Spanish	1
brush	1
systolic	1
hypertension	1
cerebral	1
hemorrhage	1
pulse	1
circadian	1
rhythm	1
secretly	1
Cumei	1
Tears	1
delicious	1
continues	1
Informationalization	1
reliant	1
fundamental	1
critical	1
IT	1
wandered	1
treasure	1
Image	1
matching	1
powerful	1
conjugate	1
inquiry	1
allegations	1
"looked	1
bound	1
feet	1
raced	1
gushing	1
stomach	1
giant	1
panda	1
lovely	1
barbecuing	1
Designer	1
Hu	1
Ziping	1
Yiwan	1
karst	1
landforms	1
celebrates	1
June	1
Conduct	1
coach	1
colleagues	1
standing	1
spacious	1
playground	1
sees	1
favor	1
illustrate	1
FDF	1
faults	1
occurred	1
specular	1
reflection	1
linear	1
Euclidean	1
explanation	1
Huang	1
liberatory	1
emancipatory	1
neurasthenia	1
Michigan	1
swing	1
millionaire	1
-right	1
qualities	1
Stop	1
Turn	1
genteel	1
Devonshire	1
sussex	1
participates	1
discussions	1
Godliman	1
Bloggs	1
walked	1
pavement	1
bomb	1
-damaged	1
street	1
patience	1
cowardice	1
virtue	1
congratulates	1
congratulations	1
Nondominated	1
sorting	1
sharing	1
niche	1
charcoal	1
grills	1
doors	1
deltas	1
hundreds	1
eroding	1
replenished	1
Firms	1
households	1
tide	1
rainy	1
Republicans	1
voted	1
amendment	1
exists	1
Rennie	1
comments	1
topics	1
lunch	1
sidetrack	1
DJ	1
everybody	1
quiet	1
listening	1
comedians	1
operate	1
internationally	1
exterior	1
referrence	1
